Driver Name,Driver Source Path,Driver Version,PackageID,PackageName,DP Source Path
STMicroelectronics 3-Axis Digital Accelerometer,\\sccm-mth1.asc.ohio-state.edu\source$\driversource\Win7\lat_e6430\win7\x64\application\38G5P_A00-00\production\Windows7-x64,2.2.2.0,MTH00075,Latitude e6430 Win7,\\sccm-mth1.asc.ohio-state.edu\source$\driverpackages\Win7\latitude-e6430
IDT High Definition Audio CODEC,\\sccm-mth1.asc.ohio-state.edu\source$\driversource\Win7\lat_e6430\win7\x64\audio\CNFGY_A00-00\DISK1\WDM\Vista,6.10.0.6388,MTH00075,Latitude e6430 Win7,\\sccm-mth1.asc.ohio-state.edu\source$\driverpackages\Win7\latitude-e6430
IDT High Definition Audio CODEC,\\sccm-mth1.asc.ohio-state.edu\source$\driversource\Win7\lat_e6430\win7\x64\audio\CNFGY_A00-00\DISK1\WDM\Vista,6.10.0.6388,MTH00075,Latitude e6430 Win7,\\sccm-mth1.asc.ohio-state.edu\source$\driverpackages\Win7\latitude-e6430
IDT High Definition Audio CODEC,\\sccm-mth1.asc.ohio-state.edu\source$\driversource\Win7\lat_e6430\win7\x64\audio\CNFGY_A00-00\DISK1\WDM\WinXP,5.10.0.6388,MTH00075,Latitude e6430 Win7,\\sccm-mth1.asc.ohio-state.edu\source$\driverpackages\Win7\latitude-e6430
IDT High Definition Audio CODEC,\\sccm-mth1.asc.ohio-state.edu\source$\driversource\Win7\lat_e6430\win7\x64\audio\CNFGY_A00-00\DISK1\WDM\WinXP,5.10.0.6388,MTH00075,Latitude e6430 Win7,\\sccm-mth1.asc.ohio-state.edu\source$\driverpackages\Win7\latitude-e6430
Intel(R) Smart Connect Technology Device,\\sccm-mth1.asc.ohio-state.edu\source$\driversource\Win7\lat_e6430\win7\x64\chipset\4N27T_A00-00\Driver,1.0.5.0,MTH00075,Latitude e6430 Win7,\\sccm-mth1.asc.ohio-state.edu\source$\driverpackages\Win7\latitude-e6430
Renesas Electronics USB 3.0 Root Hub,\\sccm-mth1.asc.ohio-state.edu\source$\driversource\Win7\lat_e6430\win7\x64\chipset\5XD8K_A01-00\Extract\Production\Windows7-x64,2.0.30.0,MTH00075,Latitude e6430 Win7,\\sccm-mth1.asc.ohio-state.edu\source$\driverpackages\Win7\latitude-e6430
Renesas Electronics USB 3.0 Host Controller,\\sccm-mth1.asc.ohio-state.edu\source$\driversource\Win7\lat_e6430\win7\x64\chipset\5XD8K_A01-00\Extract\Production\Windows7-x64,2.0.30.0,MTH00075,Latitude e6430 Win7,\\sccm-mth1.asc.ohio-state.edu\source$\driverpackages\Win7\latitude-e6430
Intel(R) Atom(TM) Processor D2xxx/N2xxx PCI Host Bridge #1 - 0BF0,\\sccm-mth1.asc.ohio-state.edu\source$\driversource\Win7\lat_e6430\win7\x64\chipset\CPNKY_A00-00\WIN7,9.2.2.1031,MTH00075,Latitude e6430 Win7,\\sccm-mth1.asc.ohio-state.edu\source$\driverpackages\Win7\latitude-e6430
Intel(R) 6 Series/C200 Series Chipset Family 6 Port SATA AHCI Controller - 1C02,\\sccm-mth1.asc.ohio-state.edu\source$\driversource\Win7\lat_e6430\win7\x64\chipset\CPNKY_A00-00\WIN7,9.2.0.1011,MTH00075,Latitude e6430 Win7,\\sccm-mth1.asc.ohio-state.edu\source$\driverpackages\Win7\latitude-e6430
Intel(R) 6 Series/C200 Series Chipset Family Thermal Control - 1C24,\\sccm-mth1.asc.ohio-state.edu\source$\driversource\Win7\lat_e6430\win7\x64\chipset\CPNKY_A00-00\WIN7,9.2.0.1016,MTH00075,Latitude e6430 Win7,\\sccm-mth1.asc.ohio-state.edu\source$\driverpackages\Win7\latitude-e6430
Intel(R) 6 Series/C200 Series Chipset Family 4 port Serial ATA Storage Controller - 1C00,\\sccm-mth1.asc.ohio-state.edu\source$\driversource\Win7\lat_e6430\win7\x64\chipset\CPNKY_A00-00\WIN7,9.2.0.1011,MTH00075,Latitude e6430 Win7,\\sccm-mth1.asc.ohio-state.edu\source$\driverpackages\Win7\latitude-e6430
Intel(R) 6 Series/C200 Series Chipset Family SMBus Controller - 1C22,\\sccm-mth1.asc.ohio-state.edu\source$\driversource\Win7\lat_e6430\win7\x64\chipset\CPNKY_A00-00\WIN7,9.2.0.1011,MTH00075,Latitude e6430 Win7,\\sccm-mth1.asc.ohio-state.edu\source$\driverpackages\Win7\latitude-e6430
Intel(R) 6 Series/C200 Series Chipset Family USB Enhanced Host Controller - 1C26,\\sccm-mth1.asc.ohio-state.edu\source$\driversource\Win7\lat_e6430\win7\x64\chipset\CPNKY_A00-00\WIN7,9.2.0.1021,MTH00075,Latitude e6430 Win7,\\sccm-mth1.asc.ohio-state.edu\source$\driverpackages\Win7\latitude-e6430
DH89xxCC SATA AHCI 4 port Controller 1 Desktop - 2323,\\sccm-mth1.asc.ohio-state.edu\source$\driversource\Win7\lat_e6430\win7\x64\chipset\CPNKY_A00-00\WIN7,9.2.2.1020,MTH00075,Latitude e6430 Win7,\\sccm-mth1.asc.ohio-state.edu\source$\driverpackages\Win7\latitude-e6430
DH89xxCC Chap Counter - 2331,\\sccm-mth1.asc.ohio-state.edu\source$\driversource\Win7\lat_e6430\win7\x64\chipset\CPNKY_A00-00\WIN7,9.2.2.1020,MTH00075,Latitude e6430 Win7,\\sccm-mth1.asc.ohio-state.edu\source$\driverpackages\Win7\latitude-e6430
DH89xxCC SATA IDE 2 port Controller 1 Desktop - 2321,\\sccm-mth1.asc.ohio-state.edu\source$\driversource\Win7\lat_e6430\win7\x64\chipset\CPNKY_A00-00\WIN7,9.2.2.1020,MTH00075,Latitude e6430 Win7,\\sccm-mth1.asc.ohio-state.edu\source$\driverpackages\Win7\latitude-e6430
DH89xxCC SATA IDE 2 port Controller 1 Desktop - 2321,\\sccm-mth1.asc.ohio-state.edu\source$\driversource\Win7\lat_e6430\win7\x64\chipset\CPNKY_A00-00\WIN7,9.2.2.1020,MTH00075,Latitude e6430 Win7,\\sccm-mth1.asc.ohio-state.edu\source$\driverpackages\Win7\latitude-e6430
DH89xxCC SMBus Controller - 2330,\\sccm-mth1.asc.ohio-state.edu\source$\driversource\Win7\lat_e6430\win7\x64\chipset\CPNKY_A00-00\WIN7,9.2.2.1020,MTH00075,Latitude e6430 Win7,\\sccm-mth1.asc.ohio-state.edu\source$\driverpackages\Win7\latitude-e6430
DH89xxCC USB EHCI virtual HC #1 - 2359,\\sccm-mth1.asc.ohio-state.edu\source$\driversource\Win7\lat_e6430\win7\x64\chipset\CPNKY_A00-00\WIN7,9.2.2.1020,MTH00075,Latitude e6430 Win7,\\sccm-mth1.asc.ohio-state.edu\source$\driverpackages\Win7\latitude-e6430
Intel(R) ICH8R/DO/DH SATA AHCI Controller - 2821,\\sccm-mth1.asc.ohio-state.edu\source$\driversource\Win7\lat_e6430\win7\x64\chipset\CPNKY_A00-00\WIN7,7.0.0.1013,MTH00075,Latitude e6430 Win7,\\sccm-mth1.asc.ohio-state.edu\source$\driverpackages\Win7\latitude-e6430
Intel(R) 5 Series/3400 Series Chipset Family Virtualization Engine Controller - 3B53,\\sccm-mth1.asc.ohio-state.edu\source$\driversource\Win7\lat_e6430\win7\x64\chipset\CPNKY_A00-00\WIN7,9.1.1.1022,MTH00075,Latitude e6430 Win7,\\sccm-mth1.asc.ohio-state.edu\source$\driverpackages\Win7\latitude-e6430
Intel(R) ICH9R/DO/DH 4 port Serial ATA Storage Controller 1 - 2920,\\sccm-mth1.asc.ohio-state.edu\source$\driversource\Win7\lat_e6430\win7\x64\chipset\CPNKY_A00-00\WIN7,9.1.1.1027,MTH00075,Latitude e6430 Win7,\\sccm-mth1.asc.ohio-state.edu\source$\driverpackages\Win7\latitude-e6430
Intel(R) ICH9R/DO/DH 4 port Serial ATA Storage Controller 1 - 2920,\\sccm-mth1.asc.ohio-state.edu\source$\driversource\Win7\lat_e6430\win7\x64\chipset\CPNKY_A00-00\WIN7,9.1.1.1013,MTH00075,Latitude e6430 Win7,\\sccm-mth1.asc.ohio-state.edu\source$\driverpackages\Win7\latitude-e6430
Intel(R) ICH8 Family SMBus Controller - 283E,\\sccm-mth1.asc.ohio-state.edu\source$\driversource\Win7\lat_e6430\win7\x64\chipset\CPNKY_A00-00\WIN7,1.0.0.2,MTH00075,Latitude e6430 Win7,\\sccm-mth1.asc.ohio-state.edu\source$\driverpackages\Win7\latitude-e6430
Intel(R) 5 Series/3400 Series Chipset Family USB Enhanced Host Controller - 3B34,\\sccm-mth1.asc.ohio-state.edu\source$\driversource\Win7\lat_e6430\win7\x64\chipset\CPNKY_A00-00\WIN7,9.1.1.1020,MTH00075,Latitude e6430 Win7,\\sccm-mth1.asc.ohio-state.edu\source$\driverpackages\Win7\latitude-e6430
Intel(R) N10/ICH7 Family Serial ATA Storage Controller - 27C0,\\sccm-mth1.asc.ohio-state.edu\source$\driversource\Win7\lat_e6430\win7\x64\chipset\CPNKY_A00-00\WIN7,9.1.1.1016,MTH00075,Latitude e6430 Win7,\\sccm-mth1.asc.ohio-state.edu\source$\driverpackages\Win7\latitude-e6430
Intel(R) N10/ICH7 Family Serial ATA Storage Controller - 27C0,\\sccm-mth1.asc.ohio-state.edu\source$\driversource\Win7\lat_e6430\win7\x64\chipset\CPNKY_A00-00\WIN7,9.1.1.1016,MTH00075,Latitude e6430 Win7,\\sccm-mth1.asc.ohio-state.edu\source$\driverpackages\Win7\latitude-e6430
Intel(R) N10/ICH7 Family USB Universal Host Controller - 27C8,\\sccm-mth1.asc.ohio-state.edu\source$\driversource\Win7\lat_e6430\win7\x64\chipset\CPNKY_A00-00\WIN7,9.1.1.1016,MTH00075,Latitude e6430 Win7,\\sccm-mth1.asc.ohio-state.edu\source$\driverpackages\Win7\latitude-e6430
Intel(R) N10/ICH7 Family SMBus Controller - 27DA,\\sccm-mth1.asc.ohio-state.edu\source$\driversource\Win7\lat_e6430\win7\x64\chipset\CPNKY_A00-00\WIN7,9.1.1.1016,MTH00075,Latitude e6430 Win7,\\sccm-mth1.asc.ohio-state.edu\source$\driverpackages\Win7\latitude-e6430
Intel(R) QuickPath Architecture Generic Non-Core Registers - 2C50,\\sccm-mth1.asc.ohio-state.edu\source$\driversource\Win7\lat_e6430\win7\x64\chipset\CPNKY_A00-00\WIN7,9.1.1.1022,MTH00075,Latitude e6430 Win7,\\sccm-mth1.asc.ohio-state.edu\source$\driverpackages\Win7\latitude-e6430
Intel(R) 5520/5500/X58 I/O Hub to ESI Port - 3400,\\sccm-mth1.asc.ohio-state.edu\source$\driversource\Win7\lat_e6430\win7\x64\chipset\CPNKY_A00-00\WIN7,9.1.1.1026,MTH00075,Latitude e6430 Win7,\\sccm-mth1.asc.ohio-state.edu\source$\driverpackages\Win7\latitude-e6430
Xeon(R) processor E3-1200 v2/3rd Gen Core processor DRAM Controller - 0150,\\sccm-mth1.asc.ohio-state.edu\source$\driversource\Win7\lat_e6430\win7\x64\chipset\CPNKY_A00-00\WIN7,9.3.0.1011,MTH00075,Latitude e6430 Win7,\\sccm-mth1.asc.ohio-state.edu\source$\driverpackages\Win7\latitude-e6430
Intel(R) Xeon(R) Processor E5 Product Family/Core i7 DMI2 - 3C00,\\sccm-mth1.asc.ohio-state.edu\source$\driversource\Win7\lat_e6430\win7\x64\chipset\CPNKY_A00-00\WIN7,9.2.3.1018,MTH00075,Latitude e6430 Win7,\\sccm-mth1.asc.ohio-state.edu\source$\driverpackages\Win7\latitude-e6430
Xeon 5500/3500 QPI Generic Non-core Registers - 2C58,\\sccm-mth1.asc.ohio-state.edu\source$\driversource\Win7\lat_e6430\win7\x64\chipset\CPNKY_A00-00\WIN7,9.1.2.1004,MTH00075,Latitude e6430 Win7,\\sccm-mth1.asc.ohio-state.edu\source$\driverpackages\Win7\latitude-e6430
Xeon(R) Processor E7 Series System Configuration Controller 1 - 2B00,\\sccm-mth1.asc.ohio-state.edu\source$\driversource\Win7\lat_e6430\win7\x64\chipset\CPNKY_A00-00\WIN7,9.1.2.1014,MTH00075,Latitude e6430 Win7,\\sccm-mth1.asc.ohio-state.edu\source$\driverpackages\Win7\latitude-e6430
Intel(R) 7 Series/C216 Chipset Family SATA AHCI Controller - 1E02,\\sccm-mth1.asc.ohio-state.edu\source$\driversource\Win7\lat_e6430\win7\x64\chipset\CPNKY_A00-00\WIN7,9.3.0.1011,MTH00075,Latitude e6430 Win7,\\sccm-mth1.asc.ohio-state.edu\source$\driverpackages\Win7\latitude-e6430
Intel(R) 7 Series/C216 Chipset Family Thermal Control - 1E24,\\sccm-mth1.asc.ohio-state.edu\source$\driversource\Win7\lat_e6430\win7\x64\chipset\CPNKY_A00-00\WIN7,9.3.0.1011,MTH00075,Latitude e6430 Win7,\\sccm-mth1.asc.ohio-state.edu\source$\driverpackages\Win7\latitude-e6430
Intel(R) 7 Series/C216 Chipset Family 4 port Serial ATA Storage Controller - 1E00,\\sccm-mth1.asc.ohio-state.edu\source$\driversource\Win7\lat_e6430\win7\x64\chipset\CPNKY_A00-00\WIN7,9.3.0.1011,MTH00075,Latitude e6430 Win7,\\sccm-mth1.asc.ohio-state.edu\source$\driverpackages\Win7\latitude-e6430
Intel(R) 7 Series/C216 Chipset Family 4 port Serial ATA Storage Controller - 1E00,\\sccm-mth1.asc.ohio-state.edu\source$\driversource\Win7\lat_e6430\win7\x64\chipset\CPNKY_A00-00\WIN7,9.3.0.1008,MTH00075,Latitude e6430 Win7,\\sccm-mth1.asc.ohio-state.edu\source$\driverpackages\Win7\latitude-e6430
Intel(R) 7 Series/C216 Chipset Family SMBus Host Controller - 1E22,\\sccm-mth1.asc.ohio-state.edu\source$\driversource\Win7\lat_e6430\win7\x64\chipset\CPNKY_A00-00\WIN7,9.3.0.1011,MTH00075,Latitude e6430 Win7,\\sccm-mth1.asc.ohio-state.edu\source$\driverpackages\Win7\latitude-e6430
%PCI\VEN_8086&DEV_1D26.DeviceDesc%,\\sccm-mth1.asc.ohio-state.edu\source$\driversource\Win7\lat_e6430\win7\x64\chipset\CPNKY_A00-00\WIN7,9.3.0.1011,MTH00075,Latitude e6430 Win7,\\sccm-mth1.asc.ohio-state.edu\source$\driverpackages\Win7\latitude-e6430
Intel(R) 7 Series/C216 Chipset Family Universal Serial Bus (USB) Controller - 1E31,\\sccm-mth1.asc.ohio-state.edu\source$\driversource\Win7\lat_e6430\win7\x64\chipset\CPNKY_A00-00\WIN7,9.3.0.1018,MTH00075,Latitude e6430 Win7,\\sccm-mth1.asc.ohio-state.edu\source$\driverpackages\Win7\latitude-e6430
Intel(R) C600/X79 series chipset 6-Port SATA AHCI Controller - 1D02,\\sccm-mth1.asc.ohio-state.edu\source$\driversource\Win7\lat_e6430\win7\x64\chipset\CPNKY_A00-00\WIN7,9.2.3.1013,MTH00075,Latitude e6430 Win7,\\sccm-mth1.asc.ohio-state.edu\source$\driverpackages\Win7\latitude-e6430
Intel(R) C600/X79 series chipset Thermal Management Controller - 1D24,\\sccm-mth1.asc.ohio-state.edu\source$\driversource\Win7\lat_e6430\win7\x64\chipset\CPNKY_A00-00\WIN7,9.2.3.1016,MTH00075,Latitude e6430 Win7,\\sccm-mth1.asc.ohio-state.edu\source$\driverpackages\Win7\latitude-e6430
Intel(R) C600/X79 series chipset 4-Port SATA IDE Controller - 1D00,\\sccm-mth1.asc.ohio-state.edu\source$\driversource\Win7\lat_e6430\win7\x64\chipset\CPNKY_A00-00\WIN7,9.2.3.1013,MTH00075,Latitude e6430 Win7,\\sccm-mth1.asc.ohio-state.edu\source$\driverpackages\Win7\latitude-e6430
Intel(R) C600/X79 series chipset 4-Port SATA IDE Controller - 1D00,\\sccm-mth1.asc.ohio-state.edu\source$\driversource\Win7\lat_e6430\win7\x64\chipset\CPNKY_A00-00\WIN7,9.2.3.1013,MTH00075,Latitude e6430 Win7,\\sccm-mth1.asc.ohio-state.edu\source$\driverpackages\Win7\latitude-e6430
Intel(R) C600/X79 series chipset SMBus Host Controller - 1D22,\\sccm-mth1.asc.ohio-state.edu\source$\driversource\Win7\lat_e6430\win7\x64\chipset\CPNKY_A00-00\WIN7,9.2.3.1013,MTH00075,Latitude e6430 Win7,\\sccm-mth1.asc.ohio-state.edu\source$\driverpackages\Win7\latitude-e6430
Intel(R) C600/X79 series chipset USB2 Enhanced Host Controller #1 - 1D26,\\sccm-mth1.asc.ohio-state.edu\source$\driversource\Win7\lat_e6430\win7\x64\chipset\CPNKY_A00-00\WIN7,9.2.3.1013,MTH00075,Latitude e6430 Win7,\\sccm-mth1.asc.ohio-state.edu\source$\driverpackages\Win7\latitude-e6430
2nd Generation Intel(R) Core(TM) Processor Family DRAM Controller - 0100,\\sccm-mth1.asc.ohio-state.edu\source$\driversource\Win7\lat_e6430\win7\x64\chipset\CPNKY_A00-00\WIN7,9.2.0.1026,MTH00075,Latitude e6430 Win7,\\sccm-mth1.asc.ohio-state.edu\source$\driverpackages\Win7\latitude-e6430
Intel(R) Atom(TM) Processor E6xx PCI Host Bridge - 4114,\\sccm-mth1.asc.ohio-state.edu\source$\driversource\Win7\lat_e6430\win7\x64\chipset\CPNKY_A00-00\WIN7,9.1.2.1010,MTH00075,Latitude e6430 Win7,\\sccm-mth1.asc.ohio-state.edu\source$\driverpackages\Win7\latitude-e6430
Intel(R) Platform Controller Hub EG20T SATA AHCI Controller - 880B,\\sccm-mth1.asc.ohio-state.edu\source$\driversource\Win7\lat_e6430\win7\x64\chipset\CPNKY_A00-00\WIN7,9.1.2.1010,MTH00075,Latitude e6430 Win7,\\sccm-mth1.asc.ohio-state.edu\source$\driverpackages\Win7\latitude-e6430
Intel(R) Platform Controller Hub EG20T SDIO Controller #1 - 8809,\\sccm-mth1.asc.ohio-state.edu\source$\driversource\Win7\lat_e6430\win7\x64\chipset\CPNKY_A00-00\WIN7,9.1.2.1011,MTH00075,Latitude e6430 Win7,\\sccm-mth1.asc.ohio-state.edu\source$\driverpackages\Win7\latitude-e6430
Intel(R) Platform Controller Hub EG20T USB OHCI Controller #4 - 8804,\\sccm-mth1.asc.ohio-state.edu\source$\driversource\Win7\lat_e6430\win7\x64\chipset\CPNKY_A00-00\WIN7,9.1.2.1012,MTH00075,Latitude e6430 Win7,\\sccm-mth1.asc.ohio-state.edu\source$\driverpackages\Win7\latitude-e6430
Intel(R) SM35 Express Chipset I2C 1 - 0803,\\sccm-mth1.asc.ohio-state.edu\source$\driversource\Win7\lat_e6430\win7\x64\chipset\CPNKY_A00-00\WIN7,9.2.2.1015,MTH00075,Latitude e6430 Win7,\\sccm-mth1.asc.ohio-state.edu\source$\driverpackages\Win7\latitude-e6430
Intel(R) SM35 Express Chipset I2C 0  - 0802,\\sccm-mth1.asc.ohio-state.edu\source$\driversource\Win7\lat_e6430\win7\x64\chipset\CPNKY_A00-00\WIN7,9.2.2.1023,MTH00075,Latitude e6430 Win7,\\sccm-mth1.asc.ohio-state.edu\source$\driverpackages\Win7\latitude-e6430
Intel(R) SM35 Express Chipset PCI Host bridge  - 4110,\\sccm-mth1.asc.ohio-state.edu\source$\driversource\Win7\lat_e6430\win7\x64\chipset\CPNKY_A00-00\WIN7,9.2.2.1016,MTH00075,Latitude e6430 Win7,\\sccm-mth1.asc.ohio-state.edu\source$\driverpackages\Win7\latitude-e6430
Intel(R) SM35 Express Chipset SD Ctrl 0  - 0807,\\sccm-mth1.asc.ohio-state.edu\source$\driversource\Win7\lat_e6430\win7\x64\chipset\CPNKY_A00-00\WIN7,9.2.2.1009,MTH00075,Latitude e6430 Win7,\\sccm-mth1.asc.ohio-state.edu\source$\driverpackages\Win7\latitude-e6430
Intel(R) SM35 Express Chipset SATA AHCI Controller  - 0816,\\sccm-mth1.asc.ohio-state.edu\source$\driversource\Win7\lat_e6430\win7\x64\chipset\CPNKY_A00-00\WIN7,9.2.2.1009,MTH00075,Latitude e6430 Win7,\\sccm-mth1.asc.ohio-state.edu\source$\driverpackages\Win7\latitude-e6430
Intel(R) SM35 Express Chipset USB2 Enhanced Host Controller MPH  - 0806,\\sccm-mth1.asc.ohio-state.edu\source$\driversource\Win7\lat_e6430\win7\x64\chipset\CPNKY_A00-00\WIN7,9.2.2.1022,MTH00075,Latitude e6430 Win7,\\sccm-mth1.asc.ohio-state.edu\source$\driverpackages\Win7\latitude-e6430
O2Micro MS Disk Device,\\sccm-mth1.asc.ohio-state.edu\source$\driversource\Win7\lat_e6430\win7\x64\chipset\GVG3T_A00-00\O2Micro\Win7x64,6.1.7600.16385,MTH00075,Latitude e6430 Win7,\\sccm-mth1.asc.ohio-state.edu\source$\driverpackages\Win7\latitude-e6430
O2Micro Integrated MS/MSPRO/xD Controller,\\sccm-mth1.asc.ohio-state.edu\source$\driversource\Win7\lat_e6430\win7\x64\chipset\GVG3T_A00-00\O2Micro\Win7x64,2.2.0.7032,MTH00075,Latitude e6430 Win7,\\sccm-mth1.asc.ohio-state.edu\source$\driverpackages\Win7\latitude-e6430
O2Micro Integrated MS/MSPRO/xD Controller,\\sccm-mth1.asc.ohio-state.edu\source$\driversource\Win7\lat_e6430\win7\x64\chipset\GVG3T_A00-00\O2Micro\Win7x64,2.2.1.7011,MTH00075,Latitude e6430 Win7,\\sccm-mth1.asc.ohio-state.edu\source$\driverpackages\Win7\latitude-e6430
O2Micro SD SCSI Disk Device,\\sccm-mth1.asc.ohio-state.edu\source$\driversource\Win7\lat_e6430\win7\x64\chipset\GVG3T_A00-00\O2Micro\Win7x64,6.1.7600.16385,MTH00075,Latitude e6430 Win7,\\sccm-mth1.asc.ohio-state.edu\source$\driverpackages\Win7\latitude-e6430
O2Micro Integrated MMC/SD controller,\\sccm-mth1.asc.ohio-state.edu\source$\driversource\Win7\lat_e6430\win7\x64\chipset\GVG3T_A00-00\O2Micro\Win7x64,2.2.1.7067,MTH00075,Latitude e6430 Win7,\\sccm-mth1.asc.ohio-state.edu\source$\driverpackages\Win7\latitude-e6430
PCI bus,\\sccm-mth1.asc.ohio-state.edu\source$\driversource\Win7\lat_e6430\win7\x64\chipset\M001X_A00-00\Drivers\HCSwitch\x64,1.0.3.214,MTH00075,Latitude e6430 Win7,\\sccm-mth1.asc.ohio-state.edu\source$\driverpackages\Win7\latitude-e6430
Intel(R) USB 3.0 Root Hub,\\sccm-mth1.asc.ohio-state.edu\source$\driversource\Win7\lat_e6430\win7\x64\chipset\M001X_A00-00\Drivers\Win7\x64,1.0.3.214,MTH00075,Latitude e6430 Win7,\\sccm-mth1.asc.ohio-state.edu\source$\driverpackages\Win7\latitude-e6430
Intel(R) USB 3.0 eXtensible Host Controller,\\sccm-mth1.asc.ohio-state.edu\source$\driversource\Win7\lat_e6430\win7\x64\chipset\M001X_A00-00\Drivers\Win7\x64,1.0.3.214,MTH00075,Latitude e6430 Win7,\\sccm-mth1.asc.ohio-state.edu\source$\driverpackages\Win7\latitude-e6430
Intel(R) Management Engine Interface,\\sccm-mth1.asc.ohio-state.edu\source$\driversource\Win7\lat_e6430\win7\x64\chipset\MYX60_A00-00\Drivers\MEI,8.0.0.1262,MTH00075,Latitude e6430 Win7,\\sccm-mth1.asc.ohio-state.edu\source$\driverpackages\Win7\latitude-e6430
Intel(R) Active Management Technology - SOL,\\sccm-mth1.asc.ohio-state.edu\source$\driversource\Win7\lat_e6430\win7\x64\chipset\MYX60_A00-00\Drivers\SOL,8.0.0.1262,MTH00075,Latitude e6430 Win7,\\sccm-mth1.asc.ohio-state.edu\source$\driverpackages\Win7\latitude-e6430
Dell Wireless 5730 Sprint Mobile Broadband (EVDO Rev-A) Minicard Network Adapter,\\sccm-mth1.asc.ohio-state.edu\source$\driversource\Win7\lat_e6430\win7\x64\communication\004F8_A00-00\production,4.1.2.40,MTH00075,Latitude e6430 Win7,\\sccm-mth1.asc.ohio-state.edu\source$\driverpackages\Win7\latitude-e6430
DW5800 Power Management,\\sccm-mth1.asc.ohio-state.edu\source$\driversource\Win7\lat_e6430\win7\x64\communication\004F8_A00-00\production,1.0.0.7,MTH00075,Latitude e6430 Win7,\\sccm-mth1.asc.ohio-state.edu\source$\driverpackages\Win7\latitude-e6430
Dell Wireless 5630 (EVDO-HSPA) Mobile Broadband Mini-Card (Composite WWAN Device) USB Composite Device,\\sccm-mth1.asc.ohio-state.edu\source$\driversource\Win7\lat_e6430\win7\x64\communication\004F8_A00-00\production,1.0.0.1,MTH00075,Latitude e6430 Win7,\\sccm-mth1.asc.ohio-state.edu\source$\driverpackages\Win7\latitude-e6430
Dell Wireless 5630 (EVDO-HSPA) Mobile Broadband Mini-Card (Composite WWAN Device) GPS Port,\\sccm-mth1.asc.ohio-state.edu\source$\driversource\Win7\lat_e6430\win7\x64\communication\004F8_A00-00\production,1.0.0.4,MTH00075,Latitude e6430 Win7,\\sccm-mth1.asc.ohio-state.edu\source$\driverpackages\Win7\latitude-e6430
Dell Wireless 5630 (EVDO-HSPA) Mobile Broadband Mini-Card (Composite WWAN Device) GPS Port,\\sccm-mth1.asc.ohio-state.edu\source$\driversource\Win7\lat_e6430\win7\x64\communication\004F8_A00-00\production,1.0.0.2,MTH00075,Latitude e6430 Win7,\\sccm-mth1.asc.ohio-state.edu\source$\driverpackages\Win7\latitude-e6430
Dell Wireless 5630 (EVDO-HSPA) Mobile Broadband Mini-Card Modem,\\sccm-mth1.asc.ohio-state.edu\source$\driversource\Win7\lat_e6430\win7\x64\communication\004F8_A00-00\production,1.0.0.4,MTH00075,Latitude e6430 Win7,\\sccm-mth1.asc.ohio-state.edu\source$\driverpackages\Win7\latitude-e6430
Dell Wireless 5630 (EVDO-HSPA) Mobile Broadband Mini-Card (Composite WWAN Device) QDLoader Port,\\sccm-mth1.asc.ohio-state.edu\source$\driversource\Win7\lat_e6430\win7\x64\communication\004F8_A00-00\production,1.0.0.4,MTH00075,Latitude e6430 Win7,\\sccm-mth1.asc.ohio-state.edu\source$\driverpackages\Win7\latitude-e6430
Dell Wireless 5630 (EVDO-HSPA) Mobile Broadband Mini-Card (Composite WWAN Device) Network Adapter,\\sccm-mth1.asc.ohio-state.edu\source$\driversource\Win7\lat_e6430\win7\x64\communication\004F8_A00-00\production,1.0.0.8,MTH00075,Latitude e6430 Win7,\\sccm-mth1.asc.ohio-state.edu\source$\driverpackages\Win7\latitude-e6430
Dell Wireless 5630 (EVDO-HSPA) Mobile Broadband Mini-Card (Composite WWAN Device) Network Adapter,\\sccm-mth1.asc.ohio-state.edu\source$\driversource\Win7\lat_e6430\win7\x64\communication\004F8_A00-00\production,1.0.0.8,MTH00075,Latitude e6430 Win7,\\sccm-mth1.asc.ohio-state.edu\source$\driverpackages\Win7\latitude-e6430
Dell Wireless 5700 Mobile Broadband (CDMA EV-DO) Minicard,\\sccm-mth1.asc.ohio-state.edu\source$\driversource\Win7\lat_e6430\win7\x64\communication\004F8_A00-00\production,3.0.32.0,MTH00075,Latitude e6430 Win7,\\sccm-mth1.asc.ohio-state.edu\source$\driverpackages\Win7\latitude-e6430
DW5800 4G (LTE-3G) Mobile Broadband Mini-Card Network Adapter,\\sccm-mth1.asc.ohio-state.edu\source$\driversource\Win7\lat_e6430\win7\x64\communication\004F8_A00-00\production,1.1.29.0,MTH00075,Latitude e6430 Win7,\\sccm-mth1.asc.ohio-state.edu\source$\driverpackages\Win7\latitude-e6430
Dell Wireless 5700 Mobile Broadband (CDMA EV-DO) Minicard Status Port,\\sccm-mth1.asc.ohio-state.edu\source$\driversource\Win7\lat_e6430\win7\x64\communication\004F8_A00-00\production,3.0.32.0,MTH00075,Latitude e6430 Win7,\\sccm-mth1.asc.ohio-state.edu\source$\driverpackages\Win7\latitude-e6430
Dell Wireless 5720 VZW Mobile Broadband (EVDO Rev-A) Minicard Diagnostics Port,\\sccm-mth1.asc.ohio-state.edu\source$\driversource\Win7\lat_e6430\win7\x64\communication\004F8_A00-00\production,3.0.32.0,MTH00075,Latitude e6430 Win7,\\sccm-mth1.asc.ohio-state.edu\source$\driverpackages\Win7\latitude-e6430
Dell Wireless 5530 HSPA Mini-Card USIM Port,\\sccm-mth1.asc.ohio-state.edu\source$\driversource\Win7\lat_e6430\win7\x64\communication\09DD0_A00-00\production\Windows7-x64,7.0.0.0,MTH00075,Latitude e6430 Win7,\\sccm-mth1.asc.ohio-state.edu\source$\driverpackages\Win7\latitude-e6430
Dell Wireless 5530 HSPA Mini-Card GPS Port,\\sccm-mth1.asc.ohio-state.edu\source$\driversource\Win7\lat_e6430\win7\x64\communication\09DD0_A00-00\production\Windows7-x64,7.0.0.2,MTH00075,Latitude e6430 Win7,\\sccm-mth1.asc.ohio-state.edu\source$\driverpackages\Win7\latitude-e6430
Dell Wireless 5530 HSPA Mini-Card Device,\\sccm-mth1.asc.ohio-state.edu\source$\driversource\Win7\lat_e6430\win7\x64\communication\09DD0_A00-00\production\Windows7-x64,7.0.0.1,MTH00075,Latitude e6430 Win7,\\sccm-mth1.asc.ohio-state.edu\source$\driverpackages\Win7\latitude-e6430
Dell Wireless 5530 HSPA Mini-Card Device,\\sccm-mth1.asc.ohio-state.edu\source$\driversource\Win7\lat_e6430\win7\x64\communication\09DD0_A00-00\production\Windows7-x64,7.0.0.1,MTH00075,Latitude e6430 Win7,\\sccm-mth1.asc.ohio-state.edu\source$\driverpackages\Win7\latitude-e6430
Dell Wireless 5530 HSPA Mini-Card Device,\\sccm-mth1.asc.ohio-state.edu\source$\driversource\Win7\lat_e6430\win7\x64\communication\09DD0_A00-00\production\Windows7-x64,7.0.0.1,MTH00075,Latitude e6430 Win7,\\sccm-mth1.asc.ohio-state.edu\source$\driverpackages\Win7\latitude-e6430
Dell Wireless 5530 HSPA Mini-Card Device,\\sccm-mth1.asc.ohio-state.edu\source$\driversource\Win7\lat_e6430\win7\x64\communication\09DD0_A00-00\production\Windows7-x64,7.0.0.1,MTH00075,Latitude e6430 Win7,\\sccm-mth1.asc.ohio-state.edu\source$\driverpackages\Win7\latitude-e6430
Dell Wireless 5530 HSPA Mini-Card Device,\\sccm-mth1.asc.ohio-state.edu\source$\driversource\Win7\lat_e6430\win7\x64\communication\09DD0_A00-00\production\Windows7-x64,7.0.0.1,MTH00075,Latitude e6430 Win7,\\sccm-mth1.asc.ohio-state.edu\source$\driverpackages\Win7\latitude-e6430
Dell Wireless 5530 HSPA Mini-Card Device,\\sccm-mth1.asc.ohio-state.edu\source$\driversource\Win7\lat_e6430\win7\x64\communication\09DD0_A00-00\production\Windows7-x64,7.0.0.1,MTH00075,Latitude e6430 Win7,\\sccm-mth1.asc.ohio-state.edu\source$\driverpackages\Win7\latitude-e6430
Dell Wireless 5530 HSPA Mini-Card Device,\\sccm-mth1.asc.ohio-state.edu\source$\driversource\Win7\lat_e6430\win7\x64\communication\09DD0_A00-00\production\Windows7-x64,7.0.0.1,MTH00075,Latitude e6430 Win7,\\sccm-mth1.asc.ohio-state.edu\source$\driverpackages\Win7\latitude-e6430
Dell Wireless 5530 HSPA Mini-Card Device,\\sccm-mth1.asc.ohio-state.edu\source$\driversource\Win7\lat_e6430\win7\x64\communication\09DD0_A00-00\production\Windows7-x64,7.0.0.1,MTH00075,Latitude e6430 Win7,\\sccm-mth1.asc.ohio-state.edu\source$\driverpackages\Win7\latitude-e6430
Dell Wireless 5530 HSPA Mini-Card Modem,\\sccm-mth1.asc.ohio-state.edu\source$\driversource\Win7\lat_e6430\win7\x64\communication\09DD0_A00-00\production\Windows7-x64,7.0.0.1,MTH00075,Latitude e6430 Win7,\\sccm-mth1.asc.ohio-state.edu\source$\driverpackages\Win7\latitude-e6430
Dell Wireless 5530 HSPA Mini-Card Device Management,\\sccm-mth1.asc.ohio-state.edu\source$\driversource\Win7\lat_e6430\win7\x64\communication\09DD0_A00-00\production\Windows7-x64,7.0.0.1,MTH00075,Latitude e6430 Win7,\\sccm-mth1.asc.ohio-state.edu\source$\driverpackages\Win7\latitude-e6430
Dell Wireless 5540 HSPA Mini-Card Network Adapter,\\sccm-mth1.asc.ohio-state.edu\source$\driversource\Win7\lat_e6430\win7\x64\communication\09DD0_A00-00\production\Windows7-x64,7.1.0.5,MTH00075,Latitude e6430 Win7,\\sccm-mth1.asc.ohio-state.edu\source$\driverpackages\Win7\latitude-e6430
Dell Wireless 5540 HSPA Mini-Card Network Adapter,\\sccm-mth1.asc.ohio-state.edu\source$\driversource\Win7\lat_e6430\win7\x64\communication\09DD0_A00-00\production\Windows7-x64,7.1.0.1,MTH00075,Latitude e6430 Win7,\\sccm-mth1.asc.ohio-state.edu\source$\driverpackages\Win7\latitude-e6430
Dell Wireless 5730 Sprint Mobile Broadband (EVDO Rev-A) Minicard Network Adapter,\\sccm-mth1.asc.ohio-state.edu\source$\driversource\Win7\lat_e6430\win7\x64\communication\411PX_A00-00\production,4.1.2.40,MTH00075,Latitude e6430 Win7,\\sccm-mth1.asc.ohio-state.edu\source$\driverpackages\Win7\latitude-e6430
DW5800 Power Management,\\sccm-mth1.asc.ohio-state.edu\source$\driversource\Win7\lat_e6430\win7\x64\communication\411PX_A00-00\production,1.0.0.7,MTH00075,Latitude e6430 Win7,\\sccm-mth1.asc.ohio-state.edu\source$\driverpackages\Win7\latitude-e6430
Dell Wireless 5630 (EVDO-HSPA) Mobile Broadband Mini-Card (Composite WWAN Device) USB Composite Device,\\sccm-mth1.asc.ohio-state.edu\source$\driversource\Win7\lat_e6430\win7\x64\communication\411PX_A00-00\production,1.0.0.1,MTH00075,Latitude e6430 Win7,\\sccm-mth1.asc.ohio-state.edu\source$\driverpackages\Win7\latitude-e6430
Dell Wireless 5630 (EVDO-HSPA) Mobile Broadband Mini-Card (Composite WWAN Device) GPS Port,\\sccm-mth1.asc.ohio-state.edu\source$\driversource\Win7\lat_e6430\win7\x64\communication\411PX_A00-00\production,1.0.0.4,MTH00075,Latitude e6430 Win7,\\sccm-mth1.asc.ohio-state.edu\source$\driverpackages\Win7\latitude-e6430
Dell Wireless 5630 (EVDO-HSPA) Mobile Broadband Mini-Card (Composite WWAN Device) GPS Port,\\sccm-mth1.asc.ohio-state.edu\source$\driversource\Win7\lat_e6430\win7\x64\communication\411PX_A00-00\production,1.0.0.2,MTH00075,Latitude e6430 Win7,\\sccm-mth1.asc.ohio-state.edu\source$\driverpackages\Win7\latitude-e6430
Dell Wireless 5630 (EVDO-HSPA) Mobile Broadband Mini-Card Modem,\\sccm-mth1.asc.ohio-state.edu\source$\driversource\Win7\lat_e6430\win7\x64\communication\411PX_A00-00\production,1.0.0.4,MTH00075,Latitude e6430 Win7,\\sccm-mth1.asc.ohio-state.edu\source$\driverpackages\Win7\latitude-e6430
Dell Wireless 5630 (EVDO-HSPA) Mobile Broadband Mini-Card (Composite WWAN Device) QDLoader Port,\\sccm-mth1.asc.ohio-state.edu\source$\driversource\Win7\lat_e6430\win7\x64\communication\411PX_A00-00\production,1.0.0.4,MTH00075,Latitude e6430 Win7,\\sccm-mth1.asc.ohio-state.edu\source$\driverpackages\Win7\latitude-e6430
Dell Wireless 5630 (EVDO-HSPA) Mobile Broadband Mini-Card (Composite WWAN Device) Network Adapter,\\sccm-mth1.asc.ohio-state.edu\source$\driversource\Win7\lat_e6430\win7\x64\communication\411PX_A00-00\production,1.0.0.10,MTH00075,Latitude e6430 Win7,\\sccm-mth1.asc.ohio-state.edu\source$\driverpackages\Win7\latitude-e6430
Dell Wireless 5630 (EVDO-HSPA) Mobile Broadband Mini-Card (Composite WWAN Device) Network Adapter,\\sccm-mth1.asc.ohio-state.edu\source$\driversource\Win7\lat_e6430\win7\x64\communication\411PX_A00-00\production,1.0.0.8,MTH00075,Latitude e6430 Win7,\\sccm-mth1.asc.ohio-state.edu\source$\driverpackages\Win7\latitude-e6430
Dell Wireless 5700 Mobile Broadband (CDMA EV-DO) Minicard,\\sccm-mth1.asc.ohio-state.edu\source$\driversource\Win7\lat_e6430\win7\x64\communication\411PX_A00-00\production,3.0.32.0,MTH00075,Latitude e6430 Win7,\\sccm-mth1.asc.ohio-state.edu\source$\driverpackages\Win7\latitude-e6430
DW5800 4G (LTE-3G) Mobile Broadband Mini-Card Network Adapter,\\sccm-mth1.asc.ohio-state.edu\source$\driversource\Win7\lat_e6430\win7\x64\communication\411PX_A00-00\production,1.1.29.0,MTH00075,Latitude e6430 Win7,\\sccm-mth1.asc.ohio-state.edu\source$\driverpackages\Win7\latitude-e6430
Dell Wireless 5700 Mobile Broadband (CDMA EV-DO) Minicard Status Port,\\sccm-mth1.asc.ohio-state.edu\source$\driversource\Win7\lat_e6430\win7\x64\communication\411PX_A00-00\production,3.0.32.0,MTH00075,Latitude e6430 Win7,\\sccm-mth1.asc.ohio-state.edu\source$\driverpackages\Win7\latitude-e6430
Dell Wireless 5720 VZW Mobile Broadband (EVDO Rev-A) Minicard Diagnostics Port,\\sccm-mth1.asc.ohio-state.edu\source$\driversource\Win7\lat_e6430\win7\x64\communication\411PX_A00-00\production,3.0.32.0,MTH00075,Latitude e6430 Win7,\\sccm-mth1.asc.ohio-state.edu\source$\driverpackages\Win7\latitude-e6430
Conexant HDA D330 MDC V.92 Modem,\\sccm-mth1.asc.ohio-state.edu\source$\driversource\Win7\lat_e6430\win7\x64\communication\JF0K3_A01-00\Driver,7.80.4.0,MTH00075,Latitude e6430 Win7,\\sccm-mth1.asc.ohio-state.edu\source$\driverpackages\Win7\latitude-e6430
Conexant USB D400 V.92 Modem,\\sccm-mth1.asc.ohio-state.edu\source$\driversource\Win7\lat_e6430\win7\x64\communication\RY5VP_A02-00,2.0.22.0,MTH00075,Latitude e6430 Win7,\\sccm-mth1.asc.ohio-state.edu\source$\driverpackages\Win7\latitude-e6430
Smart Card Reader Keyboard,\\sccm-mth1.asc.ohio-state.edu\source$\driversource\Win7\lat_e6430\win7\x64\input\207T0_A00-00\64bits,4.0.8.5,MTH00075,Latitude e6430 Win7,\\sccm-mth1.asc.ohio-state.edu\source$\driverpackages\Win7\latitude-e6430
Dell Touchpad,\\sccm-mth1.asc.ohio-state.edu\source$\driversource\Win7\lat_e6430\win7\x64\input\CKNFN_A00-00\Vi64,7.1211.101.114,MTH00075,Latitude e6430 Win7,\\sccm-mth1.asc.ohio-state.edu\source$\driverpackages\Win7\latitude-e6430
Broadcom IS LW Filter Driver,\\sccm-mth1.asc.ohio-state.edu\source$\driversource\Win7\lat_e6430\win7\x64\network\4FK7J_A00-00\Drivers\Win7\BCMIS,5.60.48.50,MTH00075,Latitude e6430 Win7,\\sccm-mth1.asc.ohio-state.edu\source$\driverpackages\Win7\latitude-e6430
Broadcom Virtual Wireless Adapter,\\sccm-mth1.asc.ohio-state.edu\source$\driversource\Win7\lat_e6430\win7\x64\network\4FK7J_A00-00\Drivers\Win7\VWL,5.100.82.33,MTH00075,Latitude e6430 Win7,\\sccm-mth1.asc.ohio-state.edu\source$\driverpackages\Win7\latitude-e6430
Dell TrueMobile 1300 WLAN Mini-PCI Card,\\sccm-mth1.asc.ohio-state.edu\source$\driversource\Win7\lat_e6430\win7\x64\network\4FK7J_A00-00\Drivers\Win7\WL,5.100.82.112,MTH00075,Latitude e6430 Win7,\\sccm-mth1.asc.ohio-state.edu\source$\driverpackages\Win7\latitude-e6430
Intel(R) Centrino(R) Wireless-N 100,\\sccm-mth1.asc.ohio-state.edu\source$\driversource\Win7\lat_e6430\win7\x64\network\DG81T_A00-00\Extracted\Drivers,15.0.0.75,MTH00075,Latitude e6430 Win7,\\sccm-mth1.asc.ohio-state.edu\source$\driverpackages\Win7\latitude-e6430
Intel(R) Centrino(R) WiMAX Enumerator,\\sccm-mth1.asc.ohio-state.edu\source$\driversource\Win7\lat_e6430\win7\x64\network\HPPR2_A00-00\Drivers,7.0.1010.26,MTH00075,Latitude e6430 Win7,\\sccm-mth1.asc.ohio-state.edu\source$\driverpackages\Win7\latitude-e6430
Intel(R) Centrino(R) WiMAX 6250,\\sccm-mth1.asc.ohio-state.edu\source$\driversource\Win7\lat_e6430\win7\x64\network\HPPR2_A00-00\Drivers,7.0.1010.26,MTH00075,Latitude e6430 Win7,\\sccm-mth1.asc.ohio-state.edu\source$\driverpackages\Win7\latitude-e6430
Intel(R) Centrino(R) WiMAX 6250 Function Driver,\\sccm-mth1.asc.ohio-state.edu\source$\driversource\Win7\lat_e6430\win7\x64\network\HPPR2_A00-00\Drivers,7.0.1010.26,MTH00075,Latitude e6430 Win7,\\sccm-mth1.asc.ohio-state.edu\source$\driverpackages\Win7\latitude-e6430
Intel(R) 82579LM Gigabit Network Connection,\\sccm-mth1.asc.ohio-state.edu\source$\driversource\Win7\lat_e6430\win7\x64\network\N0F78_A00-00\VISTA-x64,11.15.12.0,MTH00075,Latitude e6430 Win7,\\sccm-mth1.asc.ohio-state.edu\source$\driverpackages\Win7\latitude-e6430
Intel(R) 82579LM Gigabit Network Connection,\\sccm-mth1.asc.ohio-state.edu\source$\driversource\Win7\lat_e6430\win7\x64\network\N0F78_A00-00\VISTA-x86,11.15.12.0,MTH00075,Latitude e6430 Win7,\\sccm-mth1.asc.ohio-state.edu\source$\driverpackages\Win7\latitude-e6430
Intel(R) 82579LM Gigabit Network Connection,\\sccm-mth1.asc.ohio-state.edu\source$\driversource\Win7\lat_e6430\win7\x64\network\N0F78_A00-00\WINDOWS7-x64,11.15.12.0,MTH00075,Latitude e6430 Win7,\\sccm-mth1.asc.ohio-state.edu\source$\driverpackages\Win7\latitude-e6430
Intel(R) 82579LM Gigabit Network Connection,\\sccm-mth1.asc.ohio-state.edu\source$\driversource\Win7\lat_e6430\win7\x64\network\N0F78_A00-00\WINDOWS7-x86,11.15.12.0,MTH00075,Latitude e6430 Win7,\\sccm-mth1.asc.ohio-state.edu\source$\driverpackages\Win7\latitude-e6430
Intel(R) 82579LM Gigabit Network Connection,\\sccm-mth1.asc.ohio-state.edu\source$\driversource\Win7\lat_e6430\win7\x64\network\N0F78_A00-00\XP-x64,11.15.12.0,MTH00075,Latitude e6430 Win7,\\sccm-mth1.asc.ohio-state.edu\source$\driverpackages\Win7\latitude-e6430
Intel(R) 82579LM Gigabit Network Connection,\\sccm-mth1.asc.ohio-state.edu\source$\driversource\Win7\lat_e6430\win7\x64\network\N0F78_A00-00\XP-x86,11.15.12.0,MTH00075,Latitude e6430 Win7,\\sccm-mth1.asc.ohio-state.edu\source$\driverpackages\Win7\latitude-e6430
Dell Wireless 375 Bluetooth Module,\\sccm-mth1.asc.ohio-state.edu\source$\driversource\Win7\lat_e6430\win7\x64\network\NDCH4_A00-00\Windows7-x64,6.5.1.1785,MTH00075,Latitude e6430 Win7,\\sccm-mth1.asc.ohio-state.edu\source$\driverpackages\Win7\latitude-e6430
Bluetooth module,\\sccm-mth1.asc.ohio-state.edu\source$\driversource\Win7\lat_e6430\win7\x64\network\NDCH4_A00-00\Windows7-x64,6.5.1.2100,MTH00075,Latitude e6430 Win7,\\sccm-mth1.asc.ohio-state.edu\source$\driverpackages\Win7\latitude-e6430
Broadcom Usbccid Smartcard Reader (WUDF),\\sccm-mth1.asc.ohio-state.edu\source$\driversource\Win7\lat_e6430\win7\x64\security\9G52C_A00-00\bcmccid\driver_x64,15.44.59.312,MTH00075,Latitude e6430 Win7,\\sccm-mth1.asc.ohio-state.edu\source$\driverpackages\Win7\latitude-e6430
Dell ControlVault,\\sccm-mth1.asc.ohio-state.edu\source$\driversource\Win7\lat_e6430\win7\x64\security\9G52C_A00-00\cv\driver_x64,6.0.6000.10408,MTH00075,Latitude e6430 Win7,\\sccm-mth1.asc.ohio-state.edu\source$\driverpackages\Win7\latitude-e6430
AuthenTec Inc. AES1610,\\sccm-mth1.asc.ohio-state.edu\source$\driversource\Win7\lat_e6430\win7\x64\security\M11X8_A00-00\Driver\AES2810_FP\Drivers,8.4.4.25,MTH00075,Latitude e6430 Win7,\\sccm-mth1.asc.ohio-state.edu\source$\driverpackages\Win7\latitude-e6430
Atmel TPM,\\sccm-mth1.asc.ohio-state.edu\source$\driversource\Win7\lat_e6430\win7\x64\security\M11X8_A00-00\Driver\Atmel_TPM\AtmelTpm_30016,3.0.0.16,MTH00075,Latitude e6430 Win7,\\sccm-mth1.asc.ohio-state.edu\source$\driverpackages\Win7\latitude-e6430
Broadcom TPM Device,\\sccm-mth1.asc.ohio-state.edu\source$\driversource\Win7\lat_e6430\win7\x64\security\M11X8_A00-00\Driver\BroadcomTPM\BTPMDrv,2.0.0.18,MTH00075,Latitude e6430 Win7,\\sccm-mth1.asc.ohio-state.edu\source$\driverpackages\Win7\latitude-e6430
Broadcom Usbccid Smartcard Reader (WUDF),\\sccm-mth1.asc.ohio-state.edu\source$\driversource\Win7\lat_e6430\win7\x64\security\M11X8_A00-00\Driver\Dell_CV\bcmccid,13.55.31.578,MTH00075,Latitude e6430 Win7,\\sccm-mth1.asc.ohio-state.edu\source$\driverpackages\Win7\latitude-e6430
USB Smart Card Reader,\\sccm-mth1.asc.ohio-state.edu\source$\driversource\Win7\lat_e6430\win7\x64\security\M11X8_A00-00\Driver\Dell_CV\ccid,1.0.0.1,MTH00075,Latitude e6430 Win7,\\sccm-mth1.asc.ohio-state.edu\source$\driverpackages\Win7\latitude-e6430
Dell ControlVault,\\sccm-mth1.asc.ohio-state.edu\source$\driversource\Win7\lat_e6430\win7\x64\security\M11X8_A00-00\Driver\Dell_CV\CV\driver,6.1.7600.16385,MTH00075,Latitude e6430 Win7,\\sccm-mth1.asc.ohio-state.edu\source$\driverpackages\Win7\latitude-e6430
Broadcom TPM Device,\\sccm-mth1.asc.ohio-state.edu\source$\driversource\Win7\lat_e6430\win7\x64\security\M11X8_A00-00\Driver\Dell_CV\TPM\driver,3.0.0.2,MTH00075,Latitude e6430 Win7,\\sccm-mth1.asc.ohio-state.edu\source$\driverpackages\Win7\latitude-e6430
Control Vault w/ Fingerprint Swipe Sensor,\\sccm-mth1.asc.ohio-state.edu\source$\driversource\Win7\lat_e6430\win7\x64\security\M11X8_A00-00\Driver\Dell_CV\ushwbfdrv,6.1.7600.16385,MTH00075,Latitude e6430 Win7,\\sccm-mth1.asc.ohio-state.edu\source$\driverpackages\Win7\latitude-e6430
ControlVault WBDI Device,\\sccm-mth1.asc.ohio-state.edu\source$\driversource\Win7\lat_e6430\win7\x64\security\M11X8_A00-00\Driver\Dell_CV\wbdidrv,6.1.7600.16385,MTH00075,Latitude e6430 Win7,\\sccm-mth1.asc.ohio-state.edu\source$\driverpackages\Win7\latitude-e6430
USB Smart Card Reader,\\sccm-mth1.asc.ohio-state.edu\source$\driversource\Win7\lat_e6430\win7\x64\security\M11X8_A00-00\Driver\GemaltoSmartcardW7\gemccid,4.0.8.0,MTH00075,Latitude e6430 Win7,\\sccm-mth1.asc.ohio-state.edu\source$\driverpackages\Win7\latitude-e6430
USB Smart Card Reader,\\sccm-mth1.asc.ohio-state.edu\source$\driversource\Win7\lat_e6430\win7\x64\security\M11X8_A00-00\Driver\GemaltoSmartcard_XP_Vsta\GemCCID,4.0.3.7,MTH00075,Latitude e6430 Win7,\\sccm-mth1.asc.ohio-state.edu\source$\driverpackages\Win7\latitude-e6430
O2Micro OZ776 USB CCID Smartcard Reader,\\sccm-mth1.asc.ohio-state.edu\source$\driversource\Win7\lat_e6430\win7\x64\security\M11X8_A00-00\Driver\O2MicroSmartcard\Vista64,2.1.4.210,MTH00075,Latitude e6430 Win7,\\sccm-mth1.asc.ohio-state.edu\source$\driverpackages\Win7\latitude-e6430
O2Micro OZ776 USB CCID Smartcard Reader,\\sccm-mth1.asc.ohio-state.edu\source$\driversource\Win7\lat_e6430\win7\x64\security\M11X8_A00-00\Driver\O2MicroSmartcard\Win7x64,2.1.4.210,MTH00075,Latitude e6430 Win7,\\sccm-mth1.asc.ohio-state.edu\source$\driverpackages\Win7\latitude-e6430
O2Micro OZ776 USB CCID Smartcard Reader,\\sccm-mth1.asc.ohio-state.edu\source$\driversource\Win7\lat_e6430\win7\x64\security\M11X8_A00-00\Driver\O2MicroSmartcard\XP64,2.1.4.210,MTH00075,Latitude e6430 Win7,\\sccm-mth1.asc.ohio-state.edu\source$\driverpackages\Win7\latitude-e6430
Smart Card Reader Keyboard,\\sccm-mth1.asc.ohio-state.edu\source$\driversource\Win7\lat_e6430\win7\x64\security\M11X8_A00-00\Driver\SmartcardKybrd,4.0.8.5,MTH00075,Latitude e6430 Win7,\\sccm-mth1.asc.ohio-state.edu\source$\driverpackages\Win7\latitude-e6430
STMicroelectronics Trusted Platform Module,\\sccm-mth1.asc.ohio-state.edu\source$\driversource\Win7\lat_e6430\win7\x64\security\M11X8_A00-00\Driver\STMicroelectronicsTPM,1.0.4.15,MTH00075,Latitude e6430 Win7,\\sccm-mth1.asc.ohio-state.edu\source$\driverpackages\Win7\latitude-e6430
TouchChip Fingerprint Reader,\\sccm-mth1.asc.ohio-state.edu\source$\driversource\Win7\lat_e6430\win7\x64\security\M11X8_A00-00\Driver\UPEKTouchChipFP\Driver,1.9.2.167,MTH00075,Latitude e6430 Win7,\\sccm-mth1.asc.ohio-state.edu\source$\driverpackages\Win7\latitude-e6430
Intel(R) ICH7R/DH SATA AHCI Controller,\\sccm-mth1.asc.ohio-state.edu\source$\driversource\Win7\lat_e6430\win7\x64\storage\02PTJ_A00-00\Production\Windows7-x64,11.0.0.1032,MTH00075,Latitude e6430 Win7,\\sccm-mth1.asc.ohio-state.edu\source$\driverpackages\Win7\latitude-e6430
Intel(R) ICH7R/DH SATA RAID Controller,\\sccm-mth1.asc.ohio-state.edu\source$\driversource\Win7\lat_e6430\win7\x64\storage\02PTJ_A00-00\Production\Windows7-x64,11.0.0.1032,MTH00075,Latitude e6430 Win7,\\sccm-mth1.asc.ohio-state.edu\source$\driverpackages\Win7\latitude-e6430
Intel(R) HD Graphics 4000,\\sccm-mth1.asc.ohio-state.edu\source$\driversource\Win7\lat_e6430\win7\x64\video\CJDR8_A00-00\Graphics,8.15.10.2639,MTH00075,Latitude e6430 Win7,\\sccm-mth1.asc.ohio-state.edu\source$\driverpackages\Win7\latitude-e6430
Intel(R) Display Audio,\\sccm-mth1.asc.ohio-state.edu\source$\driversource\Win7\lat_e6430\win7\x64\video\CJDR8_A00-00\ibxHDMI,6.14.0.3090,MTH00075,Latitude e6430 Win7,\\sccm-mth1.asc.ohio-state.edu\source$\driverpackages\Win7\latitude-e6430
NVIDIA Quadro 5000M,\\sccm-mth1.asc.ohio-state.edu\source$\driversource\Win7\lat_e6430\win7\x64\video\YJ9NP_A02-00\Display.Driver,8.17.12.9679,MTH00075,Latitude e6430 Win7,\\sccm-mth1.asc.ohio-state.edu\source$\driverpackages\Win7\latitude-e6430
NVIDIA High Definition Audio,\\sccm-mth1.asc.ohio-state.edu\source$\driversource\Win7\lat_e6430\win7\x64\video\YJ9NP_A02-00\HDAudio,1.3.12.0,MTH00075,Latitude e6430 Win7,\\sccm-mth1.asc.ohio-state.edu\source$\driverpackages\Win7\latitude-e6430
NVIDIA Stereoscopic 3D USB controller,\\sccm-mth1.asc.ohio-state.edu\source$\driversource\Win7\lat_e6430\win7\x64\video\YJ9NP_A02-00\NV3DVisionUSB.Driver,6.14.12.9679,MTH00075,Latitude e6430 Win7,\\sccm-mth1.asc.ohio-state.edu\source$\driverpackages\Win7\latitude-e6430
STMicroelectronics 3-Axis Digital Accelerometer,\\sccm-mth1.asc.ohio-state.edu\source$\driversource\Win7\lat_e6430\win7\x86\application\38G5P_A00-00\production\Windows7-x86,2.2.2.0,MTH00075,Latitude e6430 Win7,\\sccm-mth1.asc.ohio-state.edu\source$\driverpackages\Win7\latitude-e6430
IDT High Definition Audio CODEC,\\sccm-mth1.asc.ohio-state.edu\source$\driversource\Win7\lat_e6430\win7\x86\audio\CNFGY_A00-00\DISK1\WDM\Vista,6.10.0.6388,MTH00075,Latitude e6430 Win7,\\sccm-mth1.asc.ohio-state.edu\source$\driverpackages\Win7\latitude-e6430
IDT High Definition Audio CODEC,\\sccm-mth1.asc.ohio-state.edu\source$\driversource\Win7\lat_e6430\win7\x86\audio\CNFGY_A00-00\DISK1\WDM\Vista,6.10.0.6388,MTH00075,Latitude e6430 Win7,\\sccm-mth1.asc.ohio-state.edu\source$\driverpackages\Win7\latitude-e6430
IDT High Definition Audio CODEC,\\sccm-mth1.asc.ohio-state.edu\source$\driversource\Win7\lat_e6430\win7\x86\audio\CNFGY_A00-00\DISK1\WDM\WinXP,5.10.0.6388,MTH00075,Latitude e6430 Win7,\\sccm-mth1.asc.ohio-state.edu\source$\driverpackages\Win7\latitude-e6430
IDT High Definition Audio CODEC,\\sccm-mth1.asc.ohio-state.edu\source$\driversource\Win7\lat_e6430\win7\x86\audio\CNFGY_A00-00\DISK1\WDM\WinXP,5.10.0.6388,MTH00075,Latitude e6430 Win7,\\sccm-mth1.asc.ohio-state.edu\source$\driverpackages\Win7\latitude-e6430
Intel(R) Smart Connect Technology Device,\\sccm-mth1.asc.ohio-state.edu\source$\driversource\Win7\lat_e6430\win7\x86\chipset\4N27T_A00-00\Driver,1.0.5.0,MTH00075,Latitude e6430 Win7,\\sccm-mth1.asc.ohio-state.edu\source$\driverpackages\Win7\latitude-e6430
Renesas Electronics USB 3.0 Root Hub,\\sccm-mth1.asc.ohio-state.edu\source$\driversource\Win7\lat_e6430\win7\x86\chipset\5XD8K_A01-00\Extract\Production\Windows7-x86,2.0.30.0,MTH00075,Latitude e6430 Win7,\\sccm-mth1.asc.ohio-state.edu\source$\driverpackages\Win7\latitude-e6430
Renesas Electronics USB 3.0 Host Controller,\\sccm-mth1.asc.ohio-state.edu\source$\driversource\Win7\lat_e6430\win7\x86\chipset\5XD8K_A01-00\Extract\Production\Windows7-x86,2.0.30.0,MTH00075,Latitude e6430 Win7,\\sccm-mth1.asc.ohio-state.edu\source$\driverpackages\Win7\latitude-e6430
Intel(R) Atom(TM) Processor D2xxx/N2xxx PCI Host Bridge #1 - 0BF0,\\sccm-mth1.asc.ohio-state.edu\source$\driversource\Win7\lat_e6430\win7\x86\chipset\CPNKY_A00-00\WIN7,9.2.2.1031,MTH00075,Latitude e6430 Win7,\\sccm-mth1.asc.ohio-state.edu\source$\driverpackages\Win7\latitude-e6430
Intel(R) 6 Series/C200 Series Chipset Family 6 Port SATA AHCI Controller - 1C02,\\sccm-mth1.asc.ohio-state.edu\source$\driversource\Win7\lat_e6430\win7\x86\chipset\CPNKY_A00-00\WIN7,9.2.0.1011,MTH00075,Latitude e6430 Win7,\\sccm-mth1.asc.ohio-state.edu\source$\driverpackages\Win7\latitude-e6430
Intel(R) 6 Series/C200 Series Chipset Family Thermal Control - 1C24,\\sccm-mth1.asc.ohio-state.edu\source$\driversource\Win7\lat_e6430\win7\x86\chipset\CPNKY_A00-00\WIN7,9.2.0.1016,MTH00075,Latitude e6430 Win7,\\sccm-mth1.asc.ohio-state.edu\source$\driverpackages\Win7\latitude-e6430
Intel(R) 6 Series/C200 Series Chipset Family 4 port Serial ATA Storage Controller - 1C00,\\sccm-mth1.asc.ohio-state.edu\source$\driversource\Win7\lat_e6430\win7\x86\chipset\CPNKY_A00-00\WIN7,9.2.0.1011,MTH00075,Latitude e6430 Win7,\\sccm-mth1.asc.ohio-state.edu\source$\driverpackages\Win7\latitude-e6430
Intel(R) 6 Series/C200 Series Chipset Family SMBus Controller - 1C22,\\sccm-mth1.asc.ohio-state.edu\source$\driversource\Win7\lat_e6430\win7\x86\chipset\CPNKY_A00-00\WIN7,9.2.0.1011,MTH00075,Latitude e6430 Win7,\\sccm-mth1.asc.ohio-state.edu\source$\driverpackages\Win7\latitude-e6430
Intel(R) 6 Series/C200 Series Chipset Family USB Enhanced Host Controller - 1C26,\\sccm-mth1.asc.ohio-state.edu\source$\driversource\Win7\lat_e6430\win7\x86\chipset\CPNKY_A00-00\WIN7,9.2.0.1021,MTH00075,Latitude e6430 Win7,\\sccm-mth1.asc.ohio-state.edu\source$\driverpackages\Win7\latitude-e6430
DH89xxCC SATA AHCI 4 port Controller 1 Desktop - 2323,\\sccm-mth1.asc.ohio-state.edu\source$\driversource\Win7\lat_e6430\win7\x86\chipset\CPNKY_A00-00\WIN7,9.2.2.1020,MTH00075,Latitude e6430 Win7,\\sccm-mth1.asc.ohio-state.edu\source$\driverpackages\Win7\latitude-e6430
DH89xxCC Chap Counter - 2331,\\sccm-mth1.asc.ohio-state.edu\source$\driversource\Win7\lat_e6430\win7\x86\chipset\CPNKY_A00-00\WIN7,9.2.2.1020,MTH00075,Latitude e6430 Win7,\\sccm-mth1.asc.ohio-state.edu\source$\driverpackages\Win7\latitude-e6430
DH89xxCC SATA IDE 2 port Controller 1 Desktop - 2321,\\sccm-mth1.asc.ohio-state.edu\source$\driversource\Win7\lat_e6430\win7\x86\chipset\CPNKY_A00-00\WIN7,9.2.2.1020,MTH00075,Latitude e6430 Win7,\\sccm-mth1.asc.ohio-state.edu\source$\driverpackages\Win7\latitude-e6430
DH89xxCC SATA IDE 2 port Controller 1 Desktop - 2321,\\sccm-mth1.asc.ohio-state.edu\source$\driversource\Win7\lat_e6430\win7\x86\chipset\CPNKY_A00-00\WIN7,9.2.2.1020,MTH00075,Latitude e6430 Win7,\\sccm-mth1.asc.ohio-state.edu\source$\driverpackages\Win7\latitude-e6430
DH89xxCC SMBus Controller - 2330,\\sccm-mth1.asc.ohio-state.edu\source$\driversource\Win7\lat_e6430\win7\x86\chipset\CPNKY_A00-00\WIN7,9.2.2.1020,MTH00075,Latitude e6430 Win7,\\sccm-mth1.asc.ohio-state.edu\source$\driverpackages\Win7\latitude-e6430
DH89xxCC USB EHCI virtual HC #1 - 2359,\\sccm-mth1.asc.ohio-state.edu\source$\driversource\Win7\lat_e6430\win7\x86\chipset\CPNKY_A00-00\WIN7,9.2.2.1020,MTH00075,Latitude e6430 Win7,\\sccm-mth1.asc.ohio-state.edu\source$\driverpackages\Win7\latitude-e6430
Intel(R) ICH8R/DO/DH SATA AHCI Controller - 2821,\\sccm-mth1.asc.ohio-state.edu\source$\driversource\Win7\lat_e6430\win7\x86\chipset\CPNKY_A00-00\WIN7,7.0.0.1013,MTH00075,Latitude e6430 Win7,\\sccm-mth1.asc.ohio-state.edu\source$\driverpackages\Win7\latitude-e6430
Intel(R) 5 Series/3400 Series Chipset Family Virtualization Engine Controller - 3B53,\\sccm-mth1.asc.ohio-state.edu\source$\driversource\Win7\lat_e6430\win7\x86\chipset\CPNKY_A00-00\WIN7,9.1.1.1022,MTH00075,Latitude e6430 Win7,\\sccm-mth1.asc.ohio-state.edu\source$\driverpackages\Win7\latitude-e6430
Intel(R) ICH9R/DO/DH 4 port Serial ATA Storage Controller 1 - 2920,\\sccm-mth1.asc.ohio-state.edu\source$\driversource\Win7\lat_e6430\win7\x86\chipset\CPNKY_A00-00\WIN7,9.1.1.1027,MTH00075,Latitude e6430 Win7,\\sccm-mth1.asc.ohio-state.edu\source$\driverpackages\Win7\latitude-e6430
Intel(R) ICH9R/DO/DH 4 port Serial ATA Storage Controller 1 - 2920,\\sccm-mth1.asc.ohio-state.edu\source$\driversource\Win7\lat_e6430\win7\x86\chipset\CPNKY_A00-00\WIN7,9.1.1.1013,MTH00075,Latitude e6430 Win7,\\sccm-mth1.asc.ohio-state.edu\source$\driverpackages\Win7\latitude-e6430
Intel(R) ICH8 Family SMBus Controller - 283E,\\sccm-mth1.asc.ohio-state.edu\source$\driversource\Win7\lat_e6430\win7\x86\chipset\CPNKY_A00-00\WIN7,1.0.0.2,MTH00075,Latitude e6430 Win7,\\sccm-mth1.asc.ohio-state.edu\source$\driverpackages\Win7\latitude-e6430
Intel(R) 5 Series/3400 Series Chipset Family USB Enhanced Host Controller - 3B34,\\sccm-mth1.asc.ohio-state.edu\source$\driversource\Win7\lat_e6430\win7\x86\chipset\CPNKY_A00-00\WIN7,9.1.1.1020,MTH00075,Latitude e6430 Win7,\\sccm-mth1.asc.ohio-state.edu\source$\driverpackages\Win7\latitude-e6430
Intel(R) N10/ICH7 Family Serial ATA Storage Controller - 27C0,\\sccm-mth1.asc.ohio-state.edu\source$\driversource\Win7\lat_e6430\win7\x86\chipset\CPNKY_A00-00\WIN7,9.1.1.1016,MTH00075,Latitude e6430 Win7,\\sccm-mth1.asc.ohio-state.edu\source$\driverpackages\Win7\latitude-e6430
Intel(R) N10/ICH7 Family Serial ATA Storage Controller - 27C0,\\sccm-mth1.asc.ohio-state.edu\source$\driversource\Win7\lat_e6430\win7\x86\chipset\CPNKY_A00-00\WIN7,9.1.1.1016,MTH00075,Latitude e6430 Win7,\\sccm-mth1.asc.ohio-state.edu\source$\driverpackages\Win7\latitude-e6430
Intel(R) N10/ICH7 Family USB Universal Host Controller - 27C8,\\sccm-mth1.asc.ohio-state.edu\source$\driversource\Win7\lat_e6430\win7\x86\chipset\CPNKY_A00-00\WIN7,9.1.1.1016,MTH00075,Latitude e6430 Win7,\\sccm-mth1.asc.ohio-state.edu\source$\driverpackages\Win7\latitude-e6430
Intel(R) N10/ICH7 Family SMBus Controller - 27DA,\\sccm-mth1.asc.ohio-state.edu\source$\driversource\Win7\lat_e6430\win7\x86\chipset\CPNKY_A00-00\WIN7,9.1.1.1016,MTH00075,Latitude e6430 Win7,\\sccm-mth1.asc.ohio-state.edu\source$\driverpackages\Win7\latitude-e6430
Intel(R) QuickPath Architecture Generic Non-Core Registers - 2C50,\\sccm-mth1.asc.ohio-state.edu\source$\driversource\Win7\lat_e6430\win7\x86\chipset\CPNKY_A00-00\WIN7,9.1.1.1022,MTH00075,Latitude e6430 Win7,\\sccm-mth1.asc.ohio-state.edu\source$\driverpackages\Win7\latitude-e6430
Intel(R) 5520/5500/X58 I/O Hub to ESI Port - 3400,\\sccm-mth1.asc.ohio-state.edu\source$\driversource\Win7\lat_e6430\win7\x86\chipset\CPNKY_A00-00\WIN7,9.1.1.1026,MTH00075,Latitude e6430 Win7,\\sccm-mth1.asc.ohio-state.edu\source$\driverpackages\Win7\latitude-e6430
Xeon(R) processor E3-1200 v2/3rd Gen Core processor DRAM Controller - 0150,\\sccm-mth1.asc.ohio-state.edu\source$\driversource\Win7\lat_e6430\win7\x86\chipset\CPNKY_A00-00\WIN7,9.3.0.1011,MTH00075,Latitude e6430 Win7,\\sccm-mth1.asc.ohio-state.edu\source$\driverpackages\Win7\latitude-e6430
Intel(R) Xeon(R) Processor E5 Product Family/Core i7 DMI2 - 3C00,\\sccm-mth1.asc.ohio-state.edu\source$\driversource\Win7\lat_e6430\win7\x86\chipset\CPNKY_A00-00\WIN7,9.2.3.1018,MTH00075,Latitude e6430 Win7,\\sccm-mth1.asc.ohio-state.edu\source$\driverpackages\Win7\latitude-e6430
Xeon 5500/3500 QPI Generic Non-core Registers - 2C58,\\sccm-mth1.asc.ohio-state.edu\source$\driversource\Win7\lat_e6430\win7\x86\chipset\CPNKY_A00-00\WIN7,9.1.2.1004,MTH00075,Latitude e6430 Win7,\\sccm-mth1.asc.ohio-state.edu\source$\driverpackages\Win7\latitude-e6430
Xeon(R) Processor E7 Series System Configuration Controller 1 - 2B00,\\sccm-mth1.asc.ohio-state.edu\source$\driversource\Win7\lat_e6430\win7\x86\chipset\CPNKY_A00-00\WIN7,9.1.2.1014,MTH00075,Latitude e6430 Win7,\\sccm-mth1.asc.ohio-state.edu\source$\driverpackages\Win7\latitude-e6430
Intel(R) 7 Series/C216 Chipset Family SATA AHCI Controller - 1E02,\\sccm-mth1.asc.ohio-state.edu\source$\driversource\Win7\lat_e6430\win7\x86\chipset\CPNKY_A00-00\WIN7,9.3.0.1011,MTH00075,Latitude e6430 Win7,\\sccm-mth1.asc.ohio-state.edu\source$\driverpackages\Win7\latitude-e6430
Intel(R) 7 Series/C216 Chipset Family Thermal Control - 1E24,\\sccm-mth1.asc.ohio-state.edu\source$\driversource\Win7\lat_e6430\win7\x86\chipset\CPNKY_A00-00\WIN7,9.3.0.1011,MTH00075,Latitude e6430 Win7,\\sccm-mth1.asc.ohio-state.edu\source$\driverpackages\Win7\latitude-e6430
Intel(R) 7 Series/C216 Chipset Family 4 port Serial ATA Storage Controller - 1E00,\\sccm-mth1.asc.ohio-state.edu\source$\driversource\Win7\lat_e6430\win7\x86\chipset\CPNKY_A00-00\WIN7,9.3.0.1011,MTH00075,Latitude e6430 Win7,\\sccm-mth1.asc.ohio-state.edu\source$\driverpackages\Win7\latitude-e6430
Intel(R) 7 Series/C216 Chipset Family 4 port Serial ATA Storage Controller - 1E00,\\sccm-mth1.asc.ohio-state.edu\source$\driversource\Win7\lat_e6430\win7\x86\chipset\CPNKY_A00-00\WIN7,9.3.0.1008,MTH00075,Latitude e6430 Win7,\\sccm-mth1.asc.ohio-state.edu\source$\driverpackages\Win7\latitude-e6430
Intel(R) 7 Series/C216 Chipset Family SMBus Host Controller - 1E22,\\sccm-mth1.asc.ohio-state.edu\source$\driversource\Win7\lat_e6430\win7\x86\chipset\CPNKY_A00-00\WIN7,9.3.0.1011,MTH00075,Latitude e6430 Win7,\\sccm-mth1.asc.ohio-state.edu\source$\driverpackages\Win7\latitude-e6430
%PCI\VEN_8086&DEV_1D26.DeviceDesc%,\\sccm-mth1.asc.ohio-state.edu\source$\driversource\Win7\lat_e6430\win7\x86\chipset\CPNKY_A00-00\WIN7,9.3.0.1011,MTH00075,Latitude e6430 Win7,\\sccm-mth1.asc.ohio-state.edu\source$\driverpackages\Win7\latitude-e6430
Intel(R) 7 Series/C216 Chipset Family Universal Serial Bus (USB) Controller - 1E31,\\sccm-mth1.asc.ohio-state.edu\source$\driversource\Win7\lat_e6430\win7\x86\chipset\CPNKY_A00-00\WIN7,9.3.0.1018,MTH00075,Latitude e6430 Win7,\\sccm-mth1.asc.ohio-state.edu\source$\driverpackages\Win7\latitude-e6430
Intel(R) C600/X79 series chipset 6-Port SATA AHCI Controller - 1D02,\\sccm-mth1.asc.ohio-state.edu\source$\driversource\Win7\lat_e6430\win7\x86\chipset\CPNKY_A00-00\WIN7,9.2.3.1013,MTH00075,Latitude e6430 Win7,\\sccm-mth1.asc.ohio-state.edu\source$\driverpackages\Win7\latitude-e6430
Intel(R) C600/X79 series chipset Thermal Management Controller - 1D24,\\sccm-mth1.asc.ohio-state.edu\source$\driversource\Win7\lat_e6430\win7\x86\chipset\CPNKY_A00-00\WIN7,9.2.3.1016,MTH00075,Latitude e6430 Win7,\\sccm-mth1.asc.ohio-state.edu\source$\driverpackages\Win7\latitude-e6430
Intel(R) C600/X79 series chipset 4-Port SATA IDE Controller - 1D00,\\sccm-mth1.asc.ohio-state.edu\source$\driversource\Win7\lat_e6430\win7\x86\chipset\CPNKY_A00-00\WIN7,9.2.3.1013,MTH00075,Latitude e6430 Win7,\\sccm-mth1.asc.ohio-state.edu\source$\driverpackages\Win7\latitude-e6430
Intel(R) C600/X79 series chipset 4-Port SATA IDE Controller - 1D00,\\sccm-mth1.asc.ohio-state.edu\source$\driversource\Win7\lat_e6430\win7\x86\chipset\CPNKY_A00-00\WIN7,9.2.3.1013,MTH00075,Latitude e6430 Win7,\\sccm-mth1.asc.ohio-state.edu\source$\driverpackages\Win7\latitude-e6430
Intel(R) C600/X79 series chipset SMBus Host Controller - 1D22,\\sccm-mth1.asc.ohio-state.edu\source$\driversource\Win7\lat_e6430\win7\x86\chipset\CPNKY_A00-00\WIN7,9.2.3.1013,MTH00075,Latitude e6430 Win7,\\sccm-mth1.asc.ohio-state.edu\source$\driverpackages\Win7\latitude-e6430
Intel(R) C600/X79 series chipset USB2 Enhanced Host Controller #1 - 1D26,\\sccm-mth1.asc.ohio-state.edu\source$\driversource\Win7\lat_e6430\win7\x86\chipset\CPNKY_A00-00\WIN7,9.2.3.1013,MTH00075,Latitude e6430 Win7,\\sccm-mth1.asc.ohio-state.edu\source$\driverpackages\Win7\latitude-e6430
2nd Generation Intel(R) Core(TM) Processor Family DRAM Controller - 0100,\\sccm-mth1.asc.ohio-state.edu\source$\driversource\Win7\lat_e6430\win7\x86\chipset\CPNKY_A00-00\WIN7,9.2.0.1026,MTH00075,Latitude e6430 Win7,\\sccm-mth1.asc.ohio-state.edu\source$\driverpackages\Win7\latitude-e6430
Intel(R) Atom(TM) Processor E6xx PCI Host Bridge - 4114,\\sccm-mth1.asc.ohio-state.edu\source$\driversource\Win7\lat_e6430\win7\x86\chipset\CPNKY_A00-00\WIN7,9.1.2.1010,MTH00075,Latitude e6430 Win7,\\sccm-mth1.asc.ohio-state.edu\source$\driverpackages\Win7\latitude-e6430
Intel(R) Platform Controller Hub EG20T SATA AHCI Controller - 880B,\\sccm-mth1.asc.ohio-state.edu\source$\driversource\Win7\lat_e6430\win7\x86\chipset\CPNKY_A00-00\WIN7,9.1.2.1010,MTH00075,Latitude e6430 Win7,\\sccm-mth1.asc.ohio-state.edu\source$\driverpackages\Win7\latitude-e6430
Intel(R) Platform Controller Hub EG20T SDIO Controller #1 - 8809,\\sccm-mth1.asc.ohio-state.edu\source$\driversource\Win7\lat_e6430\win7\x86\chipset\CPNKY_A00-00\WIN7,9.1.2.1011,MTH00075,Latitude e6430 Win7,\\sccm-mth1.asc.ohio-state.edu\source$\driverpackages\Win7\latitude-e6430
Intel(R) Platform Controller Hub EG20T USB OHCI Controller #4 - 8804,\\sccm-mth1.asc.ohio-state.edu\source$\driversource\Win7\lat_e6430\win7\x86\chipset\CPNKY_A00-00\WIN7,9.1.2.1012,MTH00075,Latitude e6430 Win7,\\sccm-mth1.asc.ohio-state.edu\source$\driverpackages\Win7\latitude-e6430
Intel(R) SM35 Express Chipset I2C 1 - 0803,\\sccm-mth1.asc.ohio-state.edu\source$\driversource\Win7\lat_e6430\win7\x86\chipset\CPNKY_A00-00\WIN7,9.2.2.1015,MTH00075,Latitude e6430 Win7,\\sccm-mth1.asc.ohio-state.edu\source$\driverpackages\Win7\latitude-e6430
Intel(R) SM35 Express Chipset I2C 0  - 0802,\\sccm-mth1.asc.ohio-state.edu\source$\driversource\Win7\lat_e6430\win7\x86\chipset\CPNKY_A00-00\WIN7,9.2.2.1023,MTH00075,Latitude e6430 Win7,\\sccm-mth1.asc.ohio-state.edu\source$\driverpackages\Win7\latitude-e6430
Intel(R) SM35 Express Chipset PCI Host bridge  - 4110,\\sccm-mth1.asc.ohio-state.edu\source$\driversource\Win7\lat_e6430\win7\x86\chipset\CPNKY_A00-00\WIN7,9.2.2.1016,MTH00075,Latitude e6430 Win7,\\sccm-mth1.asc.ohio-state.edu\source$\driverpackages\Win7\latitude-e6430
Intel(R) SM35 Express Chipset SD Ctrl 0  - 0807,\\sccm-mth1.asc.ohio-state.edu\source$\driversource\Win7\lat_e6430\win7\x86\chipset\CPNKY_A00-00\WIN7,9.2.2.1009,MTH00075,Latitude e6430 Win7,\\sccm-mth1.asc.ohio-state.edu\source$\driverpackages\Win7\latitude-e6430
Intel(R) SM35 Express Chipset SATA AHCI Controller  - 0816,\\sccm-mth1.asc.ohio-state.edu\source$\driversource\Win7\lat_e6430\win7\x86\chipset\CPNKY_A00-00\WIN7,9.2.2.1009,MTH00075,Latitude e6430 Win7,\\sccm-mth1.asc.ohio-state.edu\source$\driverpackages\Win7\latitude-e6430
Intel(R) SM35 Express Chipset USB2 Enhanced Host Controller MPH  - 0806,\\sccm-mth1.asc.ohio-state.edu\source$\driversource\Win7\lat_e6430\win7\x86\chipset\CPNKY_A00-00\WIN7,9.2.2.1022,MTH00075,Latitude e6430 Win7,\\sccm-mth1.asc.ohio-state.edu\source$\driverpackages\Win7\latitude-e6430
O2Micro MS Disk Device,\\sccm-mth1.asc.ohio-state.edu\source$\driversource\Win7\lat_e6430\win7\x86\chipset\GVG3T_A00-00\O2Micro\Win7,6.1.7600.16385,MTH00075,Latitude e6430 Win7,\\sccm-mth1.asc.ohio-state.edu\source$\driverpackages\Win7\latitude-e6430
O2Micro Integrated MS/MSPRO/xD Controller,\\sccm-mth1.asc.ohio-state.edu\source$\driversource\Win7\lat_e6430\win7\x86\chipset\GVG3T_A00-00\O2Micro\Win7,1.2.0.7032,MTH00075,Latitude e6430 Win7,\\sccm-mth1.asc.ohio-state.edu\source$\driverpackages\Win7\latitude-e6430
O2Micro Integrated MS/MSPRO/xD Controller,\\sccm-mth1.asc.ohio-state.edu\source$\driversource\Win7\lat_e6430\win7\x86\chipset\GVG3T_A00-00\O2Micro\Win7,1.2.1.7011,MTH00075,Latitude e6430 Win7,\\sccm-mth1.asc.ohio-state.edu\source$\driverpackages\Win7\latitude-e6430
O2Micro SD SCSI Disk Device,\\sccm-mth1.asc.ohio-state.edu\source$\driversource\Win7\lat_e6430\win7\x86\chipset\GVG3T_A00-00\O2Micro\Win7,6.1.7600.16385,MTH00075,Latitude e6430 Win7,\\sccm-mth1.asc.ohio-state.edu\source$\driverpackages\Win7\latitude-e6430
O2Micro Integrated MMC/SD controller,\\sccm-mth1.asc.ohio-state.edu\source$\driversource\Win7\lat_e6430\win7\x86\chipset\GVG3T_A00-00\O2Micro\Win7,1.2.1.7067,MTH00075,Latitude e6430 Win7,\\sccm-mth1.asc.ohio-state.edu\source$\driverpackages\Win7\latitude-e6430
PCI bus,\\sccm-mth1.asc.ohio-state.edu\source$\driversource\Win7\lat_e6430\win7\x86\chipset\M001X_A00-00\Drivers\HCSwitch\x86,1.0.3.214,MTH00075,Latitude e6430 Win7,\\sccm-mth1.asc.ohio-state.edu\source$\driverpackages\Win7\latitude-e6430
Intel(R) USB 3.0 Root Hub,\\sccm-mth1.asc.ohio-state.edu\source$\driversource\Win7\lat_e6430\win7\x86\chipset\M001X_A00-00\Drivers\Win7\x86,1.0.3.214,MTH00075,Latitude e6430 Win7,\\sccm-mth1.asc.ohio-state.edu\source$\driverpackages\Win7\latitude-e6430
Intel(R) USB 3.0 eXtensible Host Controller,\\sccm-mth1.asc.ohio-state.edu\source$\driversource\Win7\lat_e6430\win7\x86\chipset\M001X_A00-00\Drivers\Win7\x86,1.0.3.214,MTH00075,Latitude e6430 Win7,\\sccm-mth1.asc.ohio-state.edu\source$\driverpackages\Win7\latitude-e6430
Intel(R) Management Engine Interface,\\sccm-mth1.asc.ohio-state.edu\source$\driversource\Win7\lat_e6430\win7\x86\chipset\MYX60_A00-00\Drivers\MEI,8.0.0.1262,MTH00075,Latitude e6430 Win7,\\sccm-mth1.asc.ohio-state.edu\source$\driverpackages\Win7\latitude-e6430
Intel(R) Active Management Technology - SOL,\\sccm-mth1.asc.ohio-state.edu\source$\driversource\Win7\lat_e6430\win7\x86\chipset\MYX60_A00-00\Drivers\SOL,8.0.0.1262,MTH00075,Latitude e6430 Win7,\\sccm-mth1.asc.ohio-state.edu\source$\driverpackages\Win7\latitude-e6430
Dell Wireless 5730 Sprint Mobile Broadband (EVDO Rev-A) Minicard Network Adapter,\\sccm-mth1.asc.ohio-state.edu\source$\driversource\Win7\lat_e6430\win7\x86\communication\004F8_A00-00\production,4.1.2.40,MTH00075,Latitude e6430 Win7,\\sccm-mth1.asc.ohio-state.edu\source$\driverpackages\Win7\latitude-e6430
DW5800 Power Management,\\sccm-mth1.asc.ohio-state.edu\source$\driversource\Win7\lat_e6430\win7\x86\communication\004F8_A00-00\production,1.0.0.7,MTH00075,Latitude e6430 Win7,\\sccm-mth1.asc.ohio-state.edu\source$\driverpackages\Win7\latitude-e6430
Dell Wireless 5630 (EVDO-HSPA) Mobile Broadband Mini-Card (Composite WWAN Device) USB Composite Device,\\sccm-mth1.asc.ohio-state.edu\source$\driversource\Win7\lat_e6430\win7\x86\communication\004F8_A00-00\production,1.0.0.1,MTH00075,Latitude e6430 Win7,\\sccm-mth1.asc.ohio-state.edu\source$\driverpackages\Win7\latitude-e6430
Dell Wireless 5630 (EVDO-HSPA) Mobile Broadband Mini-Card (Composite WWAN Device) GPS Port,\\sccm-mth1.asc.ohio-state.edu\source$\driversource\Win7\lat_e6430\win7\x86\communication\004F8_A00-00\production,1.0.0.4,MTH00075,Latitude e6430 Win7,\\sccm-mth1.asc.ohio-state.edu\source$\driverpackages\Win7\latitude-e6430
Dell Wireless 5630 (EVDO-HSPA) Mobile Broadband Mini-Card (Composite WWAN Device) GPS Port,\\sccm-mth1.asc.ohio-state.edu\source$\driversource\Win7\lat_e6430\win7\x86\communication\004F8_A00-00\production,1.0.0.2,MTH00075,Latitude e6430 Win7,\\sccm-mth1.asc.ohio-state.edu\source$\driverpackages\Win7\latitude-e6430
Dell Wireless 5630 (EVDO-HSPA) Mobile Broadband Mini-Card Modem,\\sccm-mth1.asc.ohio-state.edu\source$\driversource\Win7\lat_e6430\win7\x86\communication\004F8_A00-00\production,1.0.0.4,MTH00075,Latitude e6430 Win7,\\sccm-mth1.asc.ohio-state.edu\source$\driverpackages\Win7\latitude-e6430
Dell Wireless 5630 (EVDO-HSPA) Mobile Broadband Mini-Card (Composite WWAN Device) QDLoader Port,\\sccm-mth1.asc.ohio-state.edu\source$\driversource\Win7\lat_e6430\win7\x86\communication\004F8_A00-00\production,1.0.0.4,MTH00075,Latitude e6430 Win7,\\sccm-mth1.asc.ohio-state.edu\source$\driverpackages\Win7\latitude-e6430
Dell Wireless 5630 (EVDO-HSPA) Mobile Broadband Mini-Card (Composite WWAN Device) Network Adapter,\\sccm-mth1.asc.ohio-state.edu\source$\driversource\Win7\lat_e6430\win7\x86\communication\004F8_A00-00\production,1.0.0.8,MTH00075,Latitude e6430 Win7,\\sccm-mth1.asc.ohio-state.edu\source$\driverpackages\Win7\latitude-e6430
Dell Wireless 5630 (EVDO-HSPA) Mobile Broadband Mini-Card (Composite WWAN Device) Network Adapter,\\sccm-mth1.asc.ohio-state.edu\source$\driversource\Win7\lat_e6430\win7\x86\communication\004F8_A00-00\production,1.0.0.8,MTH00075,Latitude e6430 Win7,\\sccm-mth1.asc.ohio-state.edu\source$\driverpackages\Win7\latitude-e6430
Dell Wireless 5700 Mobile Broadband (CDMA EV-DO) Minicard,\\sccm-mth1.asc.ohio-state.edu\source$\driversource\Win7\lat_e6430\win7\x86\communication\004F8_A00-00\production,3.0.32.0,MTH00075,Latitude e6430 Win7,\\sccm-mth1.asc.ohio-state.edu\source$\driverpackages\Win7\latitude-e6430
DW5800 4G (LTE-3G) Mobile Broadband Mini-Card Network Adapter,\\sccm-mth1.asc.ohio-state.edu\source$\driversource\Win7\lat_e6430\win7\x86\communication\004F8_A00-00\production,1.1.29.0,MTH00075,Latitude e6430 Win7,\\sccm-mth1.asc.ohio-state.edu\source$\driverpackages\Win7\latitude-e6430
Dell Wireless 5700 Mobile Broadband (CDMA EV-DO) Minicard Status Port,\\sccm-mth1.asc.ohio-state.edu\source$\driversource\Win7\lat_e6430\win7\x86\communication\004F8_A00-00\production,3.0.32.0,MTH00075,Latitude e6430 Win7,\\sccm-mth1.asc.ohio-state.edu\source$\driverpackages\Win7\latitude-e6430
Dell Wireless 5720 VZW Mobile Broadband (EVDO Rev-A) Minicard Diagnostics Port,\\sccm-mth1.asc.ohio-state.edu\source$\driversource\Win7\lat_e6430\win7\x86\communication\004F8_A00-00\production,3.0.32.0,MTH00075,Latitude e6430 Win7,\\sccm-mth1.asc.ohio-state.edu\source$\driverpackages\Win7\latitude-e6430
Dell Wireless 5530 HSPA Mini-Card USIM Port,\\sccm-mth1.asc.ohio-state.edu\source$\driversource\Win7\lat_e6430\win7\x86\communication\09DD0_A00-00\production\Windows7-x86,7.0.0.0,MTH00075,Latitude e6430 Win7,\\sccm-mth1.asc.ohio-state.edu\source$\driverpackages\Win7\latitude-e6430
Dell Wireless 5530 HSPA Mini-Card GPS Port,\\sccm-mth1.asc.ohio-state.edu\source$\driversource\Win7\lat_e6430\win7\x86\communication\09DD0_A00-00\production\Windows7-x86,7.0.0.2,MTH00075,Latitude e6430 Win7,\\sccm-mth1.asc.ohio-state.edu\source$\driverpackages\Win7\latitude-e6430
Dell Wireless 5530 HSPA Mini-Card Device,\\sccm-mth1.asc.ohio-state.edu\source$\driversource\Win7\lat_e6430\win7\x86\communication\09DD0_A00-00\production\Windows7-x86,7.0.0.1,MTH00075,Latitude e6430 Win7,\\sccm-mth1.asc.ohio-state.edu\source$\driverpackages\Win7\latitude-e6430
Dell Wireless 5530 HSPA Mini-Card Device,\\sccm-mth1.asc.ohio-state.edu\source$\driversource\Win7\lat_e6430\win7\x86\communication\09DD0_A00-00\production\Windows7-x86,7.0.0.1,MTH00075,Latitude e6430 Win7,\\sccm-mth1.asc.ohio-state.edu\source$\driverpackages\Win7\latitude-e6430
Dell Wireless 5530 HSPA Mini-Card Device,\\sccm-mth1.asc.ohio-state.edu\source$\driversource\Win7\lat_e6430\win7\x86\communication\09DD0_A00-00\production\Windows7-x86,7.0.0.1,MTH00075,Latitude e6430 Win7,\\sccm-mth1.asc.ohio-state.edu\source$\driverpackages\Win7\latitude-e6430
Dell Wireless 5530 HSPA Mini-Card Device,\\sccm-mth1.asc.ohio-state.edu\source$\driversource\Win7\lat_e6430\win7\x86\communication\09DD0_A00-00\production\Windows7-x86,7.0.0.1,MTH00075,Latitude e6430 Win7,\\sccm-mth1.asc.ohio-state.edu\source$\driverpackages\Win7\latitude-e6430
Dell Wireless 5530 HSPA Mini-Card Device,\\sccm-mth1.asc.ohio-state.edu\source$\driversource\Win7\lat_e6430\win7\x86\communication\09DD0_A00-00\production\Windows7-x86,7.0.0.1,MTH00075,Latitude e6430 Win7,\\sccm-mth1.asc.ohio-state.edu\source$\driverpackages\Win7\latitude-e6430
Dell Wireless 5530 HSPA Mini-Card Device,\\sccm-mth1.asc.ohio-state.edu\source$\driversource\Win7\lat_e6430\win7\x86\communication\09DD0_A00-00\production\Windows7-x86,7.0.0.1,MTH00075,Latitude e6430 Win7,\\sccm-mth1.asc.ohio-state.edu\source$\driverpackages\Win7\latitude-e6430
Dell Wireless 5530 HSPA Mini-Card Device,\\sccm-mth1.asc.ohio-state.edu\source$\driversource\Win7\lat_e6430\win7\x86\communication\09DD0_A00-00\production\Windows7-x86,7.0.0.1,MTH00075,Latitude e6430 Win7,\\sccm-mth1.asc.ohio-state.edu\source$\driverpackages\Win7\latitude-e6430
Dell Wireless 5530 HSPA Mini-Card Device,\\sccm-mth1.asc.ohio-state.edu\source$\driversource\Win7\lat_e6430\win7\x86\communication\09DD0_A00-00\production\Windows7-x86,7.0.0.1,MTH00075,Latitude e6430 Win7,\\sccm-mth1.asc.ohio-state.edu\source$\driverpackages\Win7\latitude-e6430
Dell Wireless 5530 HSPA Mini-Card Modem,\\sccm-mth1.asc.ohio-state.edu\source$\driversource\Win7\lat_e6430\win7\x86\communication\09DD0_A00-00\production\Windows7-x86,7.0.0.1,MTH00075,Latitude e6430 Win7,\\sccm-mth1.asc.ohio-state.edu\source$\driverpackages\Win7\latitude-e6430
Dell Wireless 5530 HSPA Mini-Card Device Management,\\sccm-mth1.asc.ohio-state.edu\source$\driversource\Win7\lat_e6430\win7\x86\communication\09DD0_A00-00\production\Windows7-x86,7.0.0.1,MTH00075,Latitude e6430 Win7,\\sccm-mth1.asc.ohio-state.edu\source$\driverpackages\Win7\latitude-e6430
Dell Wireless 5540 HSPA Mini-Card Network Adapter,\\sccm-mth1.asc.ohio-state.edu\source$\driversource\Win7\lat_e6430\win7\x86\communication\09DD0_A00-00\production\Windows7-x86,7.1.0.5,MTH00075,Latitude e6430 Win7,\\sccm-mth1.asc.ohio-state.edu\source$\driverpackages\Win7\latitude-e6430
Dell Wireless 5540 HSPA Mini-Card Network Adapter,\\sccm-mth1.asc.ohio-state.edu\source$\driversource\Win7\lat_e6430\win7\x86\communication\09DD0_A00-00\production\Windows7-x86,7.1.0.1,MTH00075,Latitude e6430 Win7,\\sccm-mth1.asc.ohio-state.edu\source$\driverpackages\Win7\latitude-e6430
Conexant HDA D330 MDC V.92 Modem,\\sccm-mth1.asc.ohio-state.edu\source$\driversource\Win7\lat_e6430\win7\x86\communication\3MV80_A01-00\3MV80_A01-00,7.80.4.0,MTH00075,Latitude e6430 Win7,\\sccm-mth1.asc.ohio-state.edu\source$\driverpackages\Win7\latitude-e6430
Dell Wireless 5730 Sprint Mobile Broadband (EVDO Rev-A) Minicard Network Adapter,\\sccm-mth1.asc.ohio-state.edu\source$\driversource\Win7\lat_e6430\win7\x86\communication\411PX_A00-00\production,4.1.2.40,MTH00075,Latitude e6430 Win7,\\sccm-mth1.asc.ohio-state.edu\source$\driverpackages\Win7\latitude-e6430
DW5800 Power Management,\\sccm-mth1.asc.ohio-state.edu\source$\driversource\Win7\lat_e6430\win7\x86\communication\411PX_A00-00\production,1.0.0.7,MTH00075,Latitude e6430 Win7,\\sccm-mth1.asc.ohio-state.edu\source$\driverpackages\Win7\latitude-e6430
Dell Wireless 5630 (EVDO-HSPA) Mobile Broadband Mini-Card (Composite WWAN Device) USB Composite Device,\\sccm-mth1.asc.ohio-state.edu\source$\driversource\Win7\lat_e6430\win7\x86\communication\411PX_A00-00\production,1.0.0.1,MTH00075,Latitude e6430 Win7,\\sccm-mth1.asc.ohio-state.edu\source$\driverpackages\Win7\latitude-e6430
Dell Wireless 5630 (EVDO-HSPA) Mobile Broadband Mini-Card (Composite WWAN Device) GPS Port,\\sccm-mth1.asc.ohio-state.edu\source$\driversource\Win7\lat_e6430\win7\x86\communication\411PX_A00-00\production,1.0.0.4,MTH00075,Latitude e6430 Win7,\\sccm-mth1.asc.ohio-state.edu\source$\driverpackages\Win7\latitude-e6430
Dell Wireless 5630 (EVDO-HSPA) Mobile Broadband Mini-Card (Composite WWAN Device) GPS Port,\\sccm-mth1.asc.ohio-state.edu\source$\driversource\Win7\lat_e6430\win7\x86\communication\411PX_A00-00\production,1.0.0.2,MTH00075,Latitude e6430 Win7,\\sccm-mth1.asc.ohio-state.edu\source$\driverpackages\Win7\latitude-e6430
Dell Wireless 5630 (EVDO-HSPA) Mobile Broadband Mini-Card Modem,\\sccm-mth1.asc.ohio-state.edu\source$\driversource\Win7\lat_e6430\win7\x86\communication\411PX_A00-00\production,1.0.0.4,MTH00075,Latitude e6430 Win7,\\sccm-mth1.asc.ohio-state.edu\source$\driverpackages\Win7\latitude-e6430
Dell Wireless 5630 (EVDO-HSPA) Mobile Broadband Mini-Card (Composite WWAN Device) QDLoader Port,\\sccm-mth1.asc.ohio-state.edu\source$\driversource\Win7\lat_e6430\win7\x86\communication\411PX_A00-00\production,1.0.0.4,MTH00075,Latitude e6430 Win7,\\sccm-mth1.asc.ohio-state.edu\source$\driverpackages\Win7\latitude-e6430
Dell Wireless 5630 (EVDO-HSPA) Mobile Broadband Mini-Card (Composite WWAN Device) Network Adapter,\\sccm-mth1.asc.ohio-state.edu\source$\driversource\Win7\lat_e6430\win7\x86\communication\411PX_A00-00\production,1.0.0.10,MTH00075,Latitude e6430 Win7,\\sccm-mth1.asc.ohio-state.edu\source$\driverpackages\Win7\latitude-e6430
Dell Wireless 5630 (EVDO-HSPA) Mobile Broadband Mini-Card (Composite WWAN Device) Network Adapter,\\sccm-mth1.asc.ohio-state.edu\source$\driversource\Win7\lat_e6430\win7\x86\communication\411PX_A00-00\production,1.0.0.8,MTH00075,Latitude e6430 Win7,\\sccm-mth1.asc.ohio-state.edu\source$\driverpackages\Win7\latitude-e6430
Dell Wireless 5700 Mobile Broadband (CDMA EV-DO) Minicard,\\sccm-mth1.asc.ohio-state.edu\source$\driversource\Win7\lat_e6430\win7\x86\communication\411PX_A00-00\production,3.0.32.0,MTH00075,Latitude e6430 Win7,\\sccm-mth1.asc.ohio-state.edu\source$\driverpackages\Win7\latitude-e6430
DW5800 4G (LTE-3G) Mobile Broadband Mini-Card Network Adapter,\\sccm-mth1.asc.ohio-state.edu\source$\driversource\Win7\lat_e6430\win7\x86\communication\411PX_A00-00\production,1.1.29.0,MTH00075,Latitude e6430 Win7,\\sccm-mth1.asc.ohio-state.edu\source$\driverpackages\Win7\latitude-e6430
Dell Wireless 5700 Mobile Broadband (CDMA EV-DO) Minicard Status Port,\\sccm-mth1.asc.ohio-state.edu\source$\driversource\Win7\lat_e6430\win7\x86\communication\411PX_A00-00\production,3.0.32.0,MTH00075,Latitude e6430 Win7,\\sccm-mth1.asc.ohio-state.edu\source$\driverpackages\Win7\latitude-e6430
Dell Wireless 5720 VZW Mobile Broadband (EVDO Rev-A) Minicard Diagnostics Port,\\sccm-mth1.asc.ohio-state.edu\source$\driversource\Win7\lat_e6430\win7\x86\communication\411PX_A00-00\production,3.0.32.0,MTH00075,Latitude e6430 Win7,\\sccm-mth1.asc.ohio-state.edu\source$\driverpackages\Win7\latitude-e6430
Conexant USB D400 V.92 Modem,\\sccm-mth1.asc.ohio-state.edu\source$\driversource\Win7\lat_e6430\win7\x86\communication\DDK3R_A02-00,2.0.22.0,MTH00075,Latitude e6430 Win7,\\sccm-mth1.asc.ohio-state.edu\source$\driverpackages\Win7\latitude-e6430
Smart Card Reader Keyboard,\\sccm-mth1.asc.ohio-state.edu\source$\driversource\Win7\lat_e6430\win7\x86\input\207T0_A00-00\32bits,4.0.8.5,MTH00075,Latitude e6430 Win7,\\sccm-mth1.asc.ohio-state.edu\source$\driverpackages\Win7\latitude-e6430
Dell Touchpad,\\sccm-mth1.asc.ohio-state.edu\source$\driversource\Win7\lat_e6430\win7\x86\input\CKNFN_A00-00\Vi32,7.1211.101.114,MTH00075,Latitude e6430 Win7,\\sccm-mth1.asc.ohio-state.edu\source$\driverpackages\Win7\latitude-e6430
Broadcom IS LW Filter Driver,\\sccm-mth1.asc.ohio-state.edu\source$\driversource\Win7\lat_e6430\win7\x86\network\4FK7J_A00-00\Drivers\Win7\BCMIS,5.60.48.50,MTH00075,Latitude e6430 Win7,\\sccm-mth1.asc.ohio-state.edu\source$\driverpackages\Win7\latitude-e6430
Broadcom Virtual Wireless Adapter,\\sccm-mth1.asc.ohio-state.edu\source$\driversource\Win7\lat_e6430\win7\x86\network\4FK7J_A00-00\Drivers\Win7\VWL,5.100.82.33,MTH00075,Latitude e6430 Win7,\\sccm-mth1.asc.ohio-state.edu\source$\driverpackages\Win7\latitude-e6430
Dell TrueMobile 1300 WLAN Mini-PCI Card,\\sccm-mth1.asc.ohio-state.edu\source$\driversource\Win7\lat_e6430\win7\x86\network\4FK7J_A00-00\Drivers\Win7\WL,5.100.82.112,MTH00075,Latitude e6430 Win7,\\sccm-mth1.asc.ohio-state.edu\source$\driverpackages\Win7\latitude-e6430
Intel(R) Centrino(R) Wireless-N 100,\\sccm-mth1.asc.ohio-state.edu\source$\driversource\Win7\lat_e6430\win7\x86\network\GCN2V_A00-00\Windows7-x86,15.0.0.75,MTH00075,Latitude e6430 Win7,\\sccm-mth1.asc.ohio-state.edu\source$\driverpackages\Win7\latitude-e6430
Intel(R) Centrino(R) WiMAX Enumerator,\\sccm-mth1.asc.ohio-state.edu\source$\driversource\Win7\lat_e6430\win7\x86\network\HF5WJ_A00-00\Drivers,7.0.1010.26,MTH00075,Latitude e6430 Win7,\\sccm-mth1.asc.ohio-state.edu\source$\driverpackages\Win7\latitude-e6430
Intel(R) Centrino(R) WiMAX 6250,\\sccm-mth1.asc.ohio-state.edu\source$\driversource\Win7\lat_e6430\win7\x86\network\HF5WJ_A00-00\Drivers,7.0.1010.26,MTH00075,Latitude e6430 Win7,\\sccm-mth1.asc.ohio-state.edu\source$\driverpackages\Win7\latitude-e6430
Intel(R) Centrino(R) WiMAX 6250 Function Driver,\\sccm-mth1.asc.ohio-state.edu\source$\driversource\Win7\lat_e6430\win7\x86\network\HF5WJ_A00-00\Drivers,7.0.1010.26,MTH00075,Latitude e6430 Win7,\\sccm-mth1.asc.ohio-state.edu\source$\driverpackages\Win7\latitude-e6430
Intel(R) 82579LM Gigabit Network Connection,\\sccm-mth1.asc.ohio-state.edu\source$\driversource\Win7\lat_e6430\win7\x86\network\N0F78_A00-00\WINDOWS7-x86,11.15.12.0,MTH00075,Latitude e6430 Win7,\\sccm-mth1.asc.ohio-state.edu\source$\driverpackages\Win7\latitude-e6430
Dell Wireless 375 Bluetooth Module,\\sccm-mth1.asc.ohio-state.edu\source$\driversource\Win7\lat_e6430\win7\x86\network\NDCH4_A00-00\Windows7-x86,6.5.1.1785,MTH00075,Latitude e6430 Win7,\\sccm-mth1.asc.ohio-state.edu\source$\driverpackages\Win7\latitude-e6430
Bluetooth module,\\sccm-mth1.asc.ohio-state.edu\source$\driversource\Win7\lat_e6430\win7\x86\network\NDCH4_A00-00\Windows7-x86,6.5.1.2100,MTH00075,Latitude e6430 Win7,\\sccm-mth1.asc.ohio-state.edu\source$\driverpackages\Win7\latitude-e6430
AuthenTec Inc. AES1610,\\sccm-mth1.asc.ohio-state.edu\source$\driversource\Win7\lat_e6430\win7\x86\security\F6GR9_A00-00\Drivers\AES2810_FP\Drivers,8.4.4.25,MTH00075,Latitude e6430 Win7,\\sccm-mth1.asc.ohio-state.edu\source$\driverpackages\Win7\latitude-e6430
Atmel TPM,\\sccm-mth1.asc.ohio-state.edu\source$\driversource\Win7\lat_e6430\win7\x86\security\F6GR9_A00-00\Drivers\Atmel_TPM\Driver,3.0.0.16,MTH00075,Latitude e6430 Win7,\\sccm-mth1.asc.ohio-state.edu\source$\driverpackages\Win7\latitude-e6430
Broadcom TPM Device,\\sccm-mth1.asc.ohio-state.edu\source$\driversource\Win7\lat_e6430\win7\x86\security\F6GR9_A00-00\Drivers\Broadcom_TPM\Driver\Broadcom,2.0.0.11,MTH00075,Latitude e6430 Win7,\\sccm-mth1.asc.ohio-state.edu\source$\driverpackages\Win7\latitude-e6430
Broadcom TPM Device,\\sccm-mth1.asc.ohio-state.edu\source$\driversource\Win7\lat_e6430\win7\x86\security\F6GR9_A00-00\Drivers\Broadcom_TPM\Driver\BTPMIA32,2.0.0.11,MTH00075,Latitude e6430 Win7,\\sccm-mth1.asc.ohio-state.edu\source$\driverpackages\Win7\latitude-e6430
USB Smart Card reader,\\sccm-mth1.asc.ohio-state.edu\source$\driversource\Win7\lat_e6430\win7\x86\security\F6GR9_A00-00\Drivers\CCID_XP,5.2.3790.2444,MTH00075,Latitude e6430 Win7,\\sccm-mth1.asc.ohio-state.edu\source$\driverpackages\Win7\latitude-e6430
Broadcom Usbccid Smartcard Reader (WUDF),\\sccm-mth1.asc.ohio-state.edu\source$\driversource\Win7\lat_e6430\win7\x86\security\F6GR9_A00-00\Drivers\Dell_CV\bcmccid,13.55.31.31,MTH00075,Latitude e6430 Win7,\\sccm-mth1.asc.ohio-state.edu\source$\driverpackages\Win7\latitude-e6430
USB Smart Card Reader,\\sccm-mth1.asc.ohio-state.edu\source$\driversource\Win7\lat_e6430\win7\x86\security\F6GR9_A00-00\Drivers\Dell_CV\ccid,1.0.0.1,MTH00075,Latitude e6430 Win7,\\sccm-mth1.asc.ohio-state.edu\source$\driverpackages\Win7\latitude-e6430
Dell ControlVault,\\sccm-mth1.asc.ohio-state.edu\source$\driversource\Win7\lat_e6430\win7\x86\security\F6GR9_A00-00\Drivers\Dell_CV\CV\driver,6.1.7600.20299,MTH00075,Latitude e6430 Win7,\\sccm-mth1.asc.ohio-state.edu\source$\driverpackages\Win7\latitude-e6430
Broadcom TPM Device,\\sccm-mth1.asc.ohio-state.edu\source$\driversource\Win7\lat_e6430\win7\x86\security\F6GR9_A00-00\Drivers\Dell_CV\TPM\driver,3.0.0.2,MTH00075,Latitude e6430 Win7,\\sccm-mth1.asc.ohio-state.edu\source$\driverpackages\Win7\latitude-e6430
Control Vault w/ Fingerprint Swipe Sensor,\\sccm-mth1.asc.ohio-state.edu\source$\driversource\Win7\lat_e6430\win7\x86\security\F6GR9_A00-00\Drivers\Dell_CV\ushwbfdrv,6.1.7600.16385,MTH00075,Latitude e6430 Win7,\\sccm-mth1.asc.ohio-state.edu\source$\driverpackages\Win7\latitude-e6430
ControlVault WBDI Device,\\sccm-mth1.asc.ohio-state.edu\source$\driversource\Win7\lat_e6430\win7\x86\security\F6GR9_A00-00\Drivers\Dell_CV\wbdidrv,6.1.7600.16385,MTH00075,Latitude e6430 Win7,\\sccm-mth1.asc.ohio-state.edu\source$\driverpackages\Win7\latitude-e6430
USB Smart Card Reader,\\sccm-mth1.asc.ohio-state.edu\source$\driversource\Win7\lat_e6430\win7\x86\security\F6GR9_A00-00\Drivers\GemaltoSartcad_XP_Vsta\GemCCID,4.0.3.7,MTH00075,Latitude e6430 Win7,\\sccm-mth1.asc.ohio-state.edu\source$\driverpackages\Win7\latitude-e6430
USB Smart Card Reader,\\sccm-mth1.asc.ohio-state.edu\source$\driversource\Win7\lat_e6430\win7\x86\security\F6GR9_A00-00\Drivers\GemaltoSmrtcrd_W7\gemccid,4.0.8.0,MTH00075,Latitude e6430 Win7,\\sccm-mth1.asc.ohio-state.edu\source$\driverpackages\Win7\latitude-e6430
O2Micro OZ776 USB CCID Smartcard Reader,\\sccm-mth1.asc.ohio-state.edu\source$\driversource\Win7\lat_e6430\win7\x86\security\F6GR9_A00-00\Drivers\O2MicroSmartcard\Vista,1.1.4.210,MTH00075,Latitude e6430 Win7,\\sccm-mth1.asc.ohio-state.edu\source$\driverpackages\Win7\latitude-e6430
O2Micro OZ776 USB CCID Smartcard Reader,\\sccm-mth1.asc.ohio-state.edu\source$\driversource\Win7\lat_e6430\win7\x86\security\F6GR9_A00-00\Drivers\O2MicroSmartcard\Win7,1.1.4.210,MTH00075,Latitude e6430 Win7,\\sccm-mth1.asc.ohio-state.edu\source$\driverpackages\Win7\latitude-e6430
O2Micro OZ776 USB CCID Smartcard Reader,\\sccm-mth1.asc.ohio-state.edu\source$\driversource\Win7\lat_e6430\win7\x86\security\F6GR9_A00-00\Drivers\O2MicroSmartcard\XP,1.1.4.210,MTH00075,Latitude e6430 Win7,\\sccm-mth1.asc.ohio-state.edu\source$\driverpackages\Win7\latitude-e6430
Smart Card Reader Keyboard,\\sccm-mth1.asc.ohio-state.edu\source$\driversource\Win7\lat_e6430\win7\x86\security\F6GR9_A00-00\Drivers\SmartcardKybrd,4.0.8.5,MTH00075,Latitude e6430 Win7,\\sccm-mth1.asc.ohio-state.edu\source$\driverpackages\Win7\latitude-e6430
STMicroelectronics Trusted Platform Module,\\sccm-mth1.asc.ohio-state.edu\source$\driversource\Win7\lat_e6430\win7\x86\security\F6GR9_A00-00\Drivers\STMicroelectronicsTPM\Driver\Data1,1.0.4.14,MTH00075,Latitude e6430 Win7,\\sccm-mth1.asc.ohio-state.edu\source$\driverpackages\Win7\latitude-e6430
STMicroelectronics Trusted Platform Module,\\sccm-mth1.asc.ohio-state.edu\source$\driversource\Win7\lat_e6430\win7\x86\security\F6GR9_A00-00\Drivers\STMicroelectronicsTPM\Driver\Data2,1.0.4.15,MTH00075,Latitude e6430 Win7,\\sccm-mth1.asc.ohio-state.edu\source$\driverpackages\Win7\latitude-e6430
STMicroelectronics Trusted Platform Module,\\sccm-mth1.asc.ohio-state.edu\source$\driversource\Win7\lat_e6430\win7\x86\security\F6GR9_A00-00\Drivers\STMicroelectronicsTPM\Driver\Data3,1.0.4.15,MTH00075,Latitude e6430 Win7,\\sccm-mth1.asc.ohio-state.edu\source$\driverpackages\Win7\latitude-e6430
TouchChip Fingerprint Reader,\\sccm-mth1.asc.ohio-state.edu\source$\driversource\Win7\lat_e6430\win7\x86\security\F6GR9_A00-00\Drivers\UPEKTouchChipFP,1.9.2.167,MTH00075,Latitude e6430 Win7,\\sccm-mth1.asc.ohio-state.edu\source$\driverpackages\Win7\latitude-e6430
Broadcom Usbccid Smartcard Reader (WUDF),\\sccm-mth1.asc.ohio-state.edu\source$\driversource\Win7\lat_e6430\win7\x86\security\Y42CY_A00-00\bcmccid\driver_x86,15.44.58.843,MTH00075,Latitude e6430 Win7,\\sccm-mth1.asc.ohio-state.edu\source$\driverpackages\Win7\latitude-e6430
Dell ControlVault,\\sccm-mth1.asc.ohio-state.edu\source$\driversource\Win7\lat_e6430\win7\x86\security\Y42CY_A00-00\cv\driver,6.0.6000.10408,MTH00075,Latitude e6430 Win7,\\sccm-mth1.asc.ohio-state.edu\source$\driverpackages\Win7\latitude-e6430
Intel(R) ICH7R/DH SATA AHCI Controller,\\sccm-mth1.asc.ohio-state.edu\source$\driversource\Win7\lat_e6430\win7\x86\storage\02PTJ_A00-00\Production\Windows7-x86,11.0.0.1032,MTH00075,Latitude e6430 Win7,\\sccm-mth1.asc.ohio-state.edu\source$\driverpackages\Win7\latitude-e6430
Intel(R) ICH7R/DH SATA RAID Controller,\\sccm-mth1.asc.ohio-state.edu\source$\driversource\Win7\lat_e6430\win7\x86\storage\02PTJ_A00-00\Production\Windows7-x86,11.0.0.1032,MTH00075,Latitude e6430 Win7,\\sccm-mth1.asc.ohio-state.edu\source$\driverpackages\Win7\latitude-e6430
NVIDIA Quadro 5000M,\\sccm-mth1.asc.ohio-state.edu\source$\driversource\Win7\lat_e6430\win7\x86\video\3YR7P_A02-00\Display.Driver,8.17.12.9679,MTH00075,Latitude e6430 Win7,\\sccm-mth1.asc.ohio-state.edu\source$\driverpackages\Win7\latitude-e6430
NVIDIA High Definition Audio,\\sccm-mth1.asc.ohio-state.edu\source$\driversource\Win7\lat_e6430\win7\x86\video\3YR7P_A02-00\HDAudio,1.3.12.0,MTH00075,Latitude e6430 Win7,\\sccm-mth1.asc.ohio-state.edu\source$\driverpackages\Win7\latitude-e6430
NVIDIA Stereoscopic 3D USB controller,\\sccm-mth1.asc.ohio-state.edu\source$\driversource\Win7\lat_e6430\win7\x86\video\3YR7P_A02-00\NV3DVisionUSB.Driver,6.14.12.9679,MTH00075,Latitude e6430 Win7,\\sccm-mth1.asc.ohio-state.edu\source$\driverpackages\Win7\latitude-e6430
Intel(R) HD Graphics 4000,\\sccm-mth1.asc.ohio-state.edu\source$\driversource\Win7\lat_e6430\win7\x86\video\VWTH6_A00-00\Graphics,8.15.10.2639,MTH00075,Latitude e6430 Win7,\\sccm-mth1.asc.ohio-state.edu\source$\driverpackages\Win7\latitude-e6430
Intel(R) Display Audio,\\sccm-mth1.asc.ohio-state.edu\source$\driversource\Win7\lat_e6430\win7\x86\video\VWTH6_A00-00\ibxHDMI,6.14.0.3090,MTH00075,Latitude e6430 Win7,\\sccm-mth1.asc.ohio-state.edu\source$\driverpackages\Win7\latitude-e6430
